id,type,lat,lon,emergency,fire_hydrant:type,fire_hydrant:diameter,operator,colour,color,ref,description,addr:street,addr:housenumber,addr:city,addr:postcode,addr:state,source,survey:date,fire_hydrant:position,fire_hydrant:pressure,access,note,water_source,timestamp,version,changeset,user,uid,all_tags
1139385086,node,41.9771852,-87.6649557,fire_hydrant,pillar,,,,,,,,,,,,,,green,,,,,2024-04-13T13:40:56Z,4,149952521,Nathan Gingrich,21301682,"{""emergency"":""fire_hydrant"",""fire_hydrant:position"":""green"",""fire_hydrant:type"":""pillar""}"
1619646608,node,41.8766179,-87.6478197,fire_hydrant,pillar,,,,,,,,,,,,,,,,,,,2012-02-06T02:44:31Z,1,10599881,richlv,47892,"{""emergency"":""fire_hydrant"",""fire_hydrant:type"":""pillar""}"
1619741385,node,41.8804837,-87.6427817,fire_hydrant,pillar,,,,,,,,,,,,,,,,,,,2022-08-02T22:26:03Z,2,124411547,Zol87,1237170,"{""emergency"":""fire_hydrant"",""fire_hydrant:type"":""pillar""}"
1619741391,node,41.8805815,-87.6354622,fire_hydrant,pillar,,,,,,,,,,,,,,sidewalk,,,,,2025-02-07T20:10:43Z,3,162259475,wrennifer,5007182,"{""emergency"":""fire_hydrant"",""fire_hydrant:position"":""sidewalk"",""fire_hydrant:type"":""pillar""}"
1640110662,node,41.960001,-87.7819826,fire_hydrant,pillar,,,,,,,,,,,,,,,,,,,2012-02-20T05:29:44Z,1,10737296,richlv,47892,"{""emergency"":""fire_hydrant"",""fire_hydrant:type"":""pillar""}"
1640110761,node,41.960265,-87.776891,fire_hydrant,pillar,,,,,,,,,,,,,,,,,,,2012-02-20T05:29:49Z,1,10737296,richlv,47892,"{""emergency"":""fire_hydrant"",""fire_hydrant:type"":""pillar""}"
1640172887,node,41.953778,-87.7864518,fire_hydrant,pillar,,,,,,,,,,,,,,,,,,,2012-02-20T07:11:34Z,1,10737686,richlv,47892,"{""emergency"":""fire_hydrant"",""fire_hydrant:type"":""pillar""}"
1640172989,node,41.9543884,-87.7909108,fire_hydrant,pillar,,,,,,,,,,,,,,,,,,,2012-02-20T07:11:39Z,1,10737686,richlv,47892,"{""emergency"":""fire_hydrant"",""fire_hydrant:type"":""pillar""}"
1640173235,node,41.9549586,-87.7908914,fire_hydrant,pillar,,,,,,,,,,,,,,,,,,,2012-02-20T07:11:52Z,1,10737686,richlv,47892,"{""emergency"":""fire_hydrant"",""fire_hydrant:type"":""pillar""}"
1640173283,node,41.9550514,-87.7867981,fire_hydrant,pillar,,,,,,,,,,,,,,,,,,,2012-02-20T07:11:54Z,1,10737686,richlv,47892,"{""emergency"":""fire_hydrant"",""fire_hydrant:type"":""pillar""}"
1640173799,node,41.955821,-87.7865484,fire_hydrant,pillar,,,,,,,,,,,,,,,,,,,2012-02-20T07:12:20Z,1,10737686,richlv,47892,"{""emergency"":""fire_hydrant"",""fire_hydrant:type"":""pillar""}"
1640174269,node,41.9600133,-87.7881422,fire_hydrant,pillar,,,,,,,,,,,,,,,,,,,2012-02-20T07:12:48Z,1,10737686,richlv,47892,"{""emergency"":""fire_hydrant"",""fire_hydrant:type"":""pillar""}"
1640174270,node,41.9600461,-87.790207,fire_hydrant,pillar,,,,,,,,,,,,,,,,,,,2012-02-20T07:12:48Z,1,10737686,richlv,47892,"{""emergency"":""fire_hydrant"",""fire_hydrant:type"":""pillar""}"
1640174271,node,41.9600679,-87.7892623,fire_hydrant,pillar,,,,,,,,,,,,,,,,,,,2012-02-20T07:12:48Z,1,10737686,richlv,47892,"{""emergency"":""fire_hydrant"",""fire_hydrant:type"":""pillar""}"
1640174273,node,41.9600854,-87.7881429,fire_hydrant,pillar,,,,,,,,,,,,,,,,,,,2012-02-20T07:12:48Z,1,10737686,richlv,47892,"{""emergency"":""fire_hydrant"",""fire_hydrant:type"":""pillar""}"
1641480025,node,41.9536251,-87.7906864,fire_hydrant,pillar,,,,,,,,,,,,,,,,,,,2012-02-21T05:51:00Z,1,10747335,richlv,47892,"{""emergency"":""fire_hydrant"",""fire_hydrant:type"":""pillar""}"
1648106729,node,41.884183,-87.6129214,fire_hydrant,pillar,,,,,,,,,,,,,,green,,,,,2022-09-30T22:50:03Z,2,126842957,eberhab,70022,"{""emergency"":""fire_hydrant"",""fire_hydrant:position"":""green"",""fire_hydrant:type"":""pillar""}"
1648217583,node,41.8921373,-87.6007087,fire_hydrant,pillar,,,,,,,,,,,,,,,,,,,2012-02-26T09:04:45Z,1,10795560,richlv,47892,"{""emergency"":""fire_hydrant"",""fire_hydrant:type"":""pillar""}"
1648217589,node,41.8921583,-87.5998664,fire_hydrant,pillar,,,,,,,,,,,,,,,,,,,2012-02-26T09:04:46Z,1,10795560,richlv,47892,"{""emergency"":""fire_hydrant"",""fire_hydrant:type"":""pillar""}"
1648217605,node,41.8935064,-87.6116271,fire_hydrant,pillar,,,,,,,,,,,,,,,,,,,2012-02-26T09:04:47Z,1,10795560,richlv,47892,"{""emergency"":""fire_hydrant"",""fire_hydrant:type"":""pillar""}"
1648217760,node,41.8968574,-87.6205889,fire_hydrant,pillar,,,,,,,,,,,,,,sidewalk,,,,,2022-04-19T03:02:57Z,2,119883893,Dan Riggins,10494859,"{""emergency"":""fire_hydrant"",""fire_hydrant:position"":""sidewalk"",""fire_hydrant:type"":""pillar""}"
1648217775,node,41.8977424,-87.6179087,fire_hydrant,pillar,,,,,,,,,,,,,,green,,,,,2022-08-30T16:43:33Z,2,125578691,mapper175,1796825,"{""emergency"":""fire_hydrant"",""fire_hydrant:position"":""green"",""fire_hydrant:type"":""pillar""}"
1648217795,node,41.8985689,-87.6184203,fire_hydrant,pillar,,,,,,,,,,,,,,sidewalk,,,,,2022-08-30T16:43:10Z,3,125578691,mapper175,1796825,"{""emergency"":""fire_hydrant"",""fire_hydrant:position"":""sidewalk"",""fire_hydrant:type"":""pillar""}"
1657357278,node,41.8830483,-87.6465594,fire_hydrant,pillar,,,,,,,,,,,,,,,,,,,2012-03-03T11:45:40Z,1,10856351,richlv,47892,"{""emergency"":""fire_hydrant"",""fire_hydrant:type"":""pillar""}"
1657357279,node,41.8830686,-87.6449613,fire_hydrant,pillar,,,,,,,,,,,,,,,,,,,2012-03-03T11:45:40Z,1,10856351,richlv,47892,"{""emergency"":""fire_hydrant"",""fire_hydrant:type"":""pillar""}"
1657357282,node,41.8832417,-87.6484939,fire_hydrant,pillar,,,,,,,,,,,,,,sidewalk,,,,,2025-03-17T22:55:25Z,3,163753214,wyattsmith,3470220,"{""emergency"":""fire_hydrant"",""fire_hydrant:position"":""sidewalk"",""fire_hydrant:type"":""pillar""}"
1657357285,node,41.8832492,-87.6472112,fire_hydrant,pillar,,,,,,,,,,,,,,sidewalk,,,,,2025-03-17T22:53:50Z,2,163753214,wyattsmith,3470220,"{""emergency"":""fire_hydrant"",""fire_hydrant:position"":""sidewalk"",""fire_hydrant:type"":""pillar""}"
1657357323,node,41.8842097,-87.6496492,fire_hydrant,pillar,,,,,,,,,,,,,,,,,,,2023-10-18T17:13:12Z,3,142773309,ion_chi,13257641,"{""emergency"":""fire_hydrant"",""fire_hydrant:type"":""pillar""}"
3345086980,node,41.9006043,-87.8056309,fire_hydrant,,,,,,,,,,,,,,,,,,,,2015-02-12T03:19:56Z,1,28787491,korky99_04,188805,"{""emergency"":""fire_hydrant""}"
3345086981,node,41.9006095,-87.8053431,fire_hydrant,,,,,,,,,,,,,,,,,,,,2015-02-12T03:19:56Z,1,28787491,korky99_04,188805,"{""emergency"":""fire_hydrant""}"
3345087003,node,41.9053116,-87.8057445,fire_hydrant,,,,,,,,,,,,,,,,,,,,2021-08-06T09:32:26Z,2,109248370,Zol87,1237170,"{""emergency"":""fire_hydrant""}"
3345087006,node,41.9061511,-87.8057992,fire_hydrant,pillar,,,,,,,,,,,,,,green,,,,,2023-09-02T05:21:49Z,3,140703899,Lucas Brandt,17561309,"{""emergency"":""fire_hydrant"",""fire_hydrant:position"":""green"",""fire_hydrant:type"":""pillar""}"
3345087010,node,41.9069535,-87.8058412,fire_hydrant,,,,,,,,,,,,,,,,,,,,2015-02-12T03:19:56Z,1,28787491,korky99_04,188805,"{""emergency"":""fire_hydrant""}"
3527361917,node,41.9067873,-87.8155265,fire_hydrant,pillar,,,,,,,,,,,,,,,,,,,2015-05-19T03:20:15Z,1,31272858,korky99_04,188805,"{""emergency"":""fire_hydrant"",""fire_hydrant:type"":""pillar""}"
3527361918,node,41.9068128,-87.8138981,fire_hydrant,pillar,,,,,,,,,,,,,,,,,,,2015-05-19T03:20:15Z,1,31272858,korky99_04,188805,"{""emergency"":""fire_hydrant"",""fire_hydrant:type"":""pillar""}"
3545959079,node,41.9014357,-87.808865,fire_hydrant,,,,,,,,,,,,,,,,,,,,2015-05-26T02:52:31Z,1,31461520,korky99_04,188805,"{""emergency"":""fire_hydrant""}"
3545959604,node,41.9031693,-87.8121327,fire_hydrant,,,,,,,,,,,,,,,,,,,,2015-05-26T02:52:32Z,1,31461520,korky99_04,188805,"{""emergency"":""fire_hydrant""}"
3545959605,node,41.9032021,-87.8105083,fire_hydrant,,,,,,,,,,,,,,,,,,,,2015-05-26T02:52:32Z,1,31461520,korky99_04,188805,"{""emergency"":""fire_hydrant""}"
3545959620,node,41.9040693,-87.8105562,fire_hydrant,,,,,,,,,,,,,,,,,,,,2015-05-26T02:52:32Z,1,31461520,korky99_04,188805,"{""emergency"":""fire_hydrant""}"
3545959622,node,41.9041276,-87.8120203,fire_hydrant,,,,,,,,,,,,,,,,,,,,2015-05-26T02:52:32Z,1,31461520,korky99_04,188805,"{""emergency"":""fire_hydrant""}"
3545959626,node,41.9050335,-87.81058,fire_hydrant,,,,,,,,,,,,,,,,,,,,2015-05-26T02:52:32Z,1,31461520,korky99_04,188805,"{""emergency"":""fire_hydrant""}"
3545959627,node,41.9051699,-87.8120088,fire_hydrant,,,,,,,,,,,,,,,,,,,,2015-05-26T02:52:32Z,1,31461520,korky99_04,188805,"{""emergency"":""fire_hydrant""}"
3666244181,node,41.897488,-87.828852,fire_hydrant,pillar,,,,,,,,,,,,,,,,,,,2015-10-14T21:32:27Z,3,34642265,garret,486555,"{""emergency"":""fire_hydrant"",""fire_hydrant:type"":""pillar""}"
4047368612,node,41.7766308,-87.5707275,fire_hydrant,pillar,,,,,,,,,,,,,,,,,,,2016-03-08T05:41:22Z,1,37679386,richlv,47892,"{""emergency"":""fire_hydrant"",""fire_hydrant:type"":""pillar""}"
4047368628,node,41.7786011,-87.5753771,fire_hydrant,pillar,,,,,,,,,,,,,,,,,,,2016-03-08T05:41:23Z,1,37679386,richlv,47892,"{""emergency"":""fire_hydrant"",""fire_hydrant:type"":""pillar""}"
4174308698,node,41.9034016,-87.7993504,fire_hydrant,,,,,,,,,,,,,,,,,,,,2016-05-09T18:23:20Z,1,39197778,SednaBoo,2871029,"{""emergency"":""fire_hydrant""}"
4174675006,node,41.9015524,-87.7978096,fire_hydrant,pillar,,,,,,,,,,,,,,green,,,,,2023-09-02T05:23:49Z,3,140703899,Lucas Brandt,17561309,"{""emergency"":""fire_hydrant"",""fire_hydrant:position"":""green"",""fire_hydrant:type"":""pillar""}"
4174949693,node,41.8894663,-87.7959546,fire_hydrant,,,,,,,,,,,,,,,,,,,,2018-09-11T14:04:27Z,2,62490453,SednaBoo,2871029,"{""emergency"":""fire_hydrant""}"
4179293458,node,41.9017659,-87.7977231,fire_hydrant,,,,,,,,,,,,,,,,,,,,2016-05-11T19:45:18Z,1,39251222,SednaBoo,2871029,"{""emergency"":""fire_hydrant""}"
4183665606,node,41.9088767,-87.7914857,fire_hydrant,,,,,,,,,,,,,,,,,,,,2021-12-08T18:15:35Z,2,114712739,Zol87,1237170,"{""emergency"":""fire_hydrant""}"
4184362305,node,41.8869766,-87.7766138,fire_hydrant,,,,,,,,,,,,,,,,,,,,2016-05-13T21:37:30Z,1,39301654,SednaBoo,2871029,"{""emergency"":""fire_hydrant""}"
4261560290,node,41.8948816,-87.7976937,fire_hydrant,pillar,,,,,,,,,,,,,,,,,,,2016-06-23T21:11:01Z,1,40245433,SednaBoo,2871029,"{""emergency"":""fire_hydrant"",""fire_hydrant:type"":""pillar""}"
4275825368,node,41.8797456,-87.8007698,fire_hydrant,pillar,,,,,,,,,,,,,,,,,,,2023-01-26T04:59:29Z,3,131718067,Zol87,1237170,"{""emergency"":""fire_hydrant"",""fire_hydrant:type"":""pillar""}"
4275829192,node,41.8803008,-87.8014457,fire_hydrant,,,,,,,,,,,,,,,,,,,,2016-07-01T15:01:49Z,1,40419457,SednaBoo,2871029,"{""emergency"":""fire_hydrant""}"
4284259761,node,41.8952116,-87.7977641,fire_hydrant,,,,,,,,,,,,,,,,,,,,2016-07-05T14:27:14Z,1,40501361,SednaBoo,2871029,"{""emergency"":""fire_hydrant""}"
4286076069,node,41.8952478,-87.799095,fire_hydrant,,,,,,,,,,,,,,,,,,,,2016-07-06T13:58:35Z,2,40521857,SednaBoo,2871029,"{""emergency"":""fire_hydrant""}"
4286218348,node,41.9034014,-87.7977687,fire_hydrant,,,,,,,,,,,,,,,,,,,,2016-07-06T16:17:21Z,1,40524602,SednaBoo,2871029,"{""emergency"":""fire_hydrant""}"
4286721581,node,41.8889913,-87.7974431,fire_hydrant,,,,,,,,,,,,,,,,,,,,2016-07-06T21:01:31Z,1,40529692,SednaBoo,2871029,"{""emergency"":""fire_hydrant""}"
4288352810,node,41.8944534,-87.7990738,fire_hydrant,,,,,,,,,,,,,,,,,,,,2016-07-07T14:06:15Z,1,40543307,SednaBoo,2871029,"{""emergency"":""fire_hydrant""}"
4426305525,node,41.8487956,-87.6422254,fire_hydrant,pillar,,,,,,,,,,,,,,,,,,,2022-03-24T21:17:13Z,2,118883328,Zol87,1237170,"{""emergency"":""fire_hydrant"",""fire_hydrant:type"":""pillar""}"
4497342641,node,41.8767135,-87.635296,fire_hydrant,pillar,,,,,,,,,,,,,,sidewalk,,,,,2025-05-29T22:08:43Z,3,166944910,wrennifer,5007182,"{""emergency"":""fire_hydrant"",""fire_hydrant:position"":""sidewalk"",""fire_hydrant:type"":""pillar""}"
4497342651,node,41.9253808,-87.6489293,fire_hydrant,pillar,,,,,,,,,,,,,,,,,,,2016-11-12T19:45:30Z,1,43588716,richlv,47892,"{""emergency"":""fire_hydrant"",""fire_hydrant:type"":""pillar""}"
4498380570,node,41.8939498,-87.6328671,fire_hydrant,pillar,,,,,,,,,,,,,,,,,,,2016-11-13T13:12:12Z,1,43604771,richlv,47892,"{""emergency"":""fire_hydrant"",""fire_hydrant:type"":""pillar""}"
4499383786,node,41.9139035,-87.7204085,fire_hydrant,pillar,,,,,,,,,,,,,,,,,,,2016-11-14T00:17:52Z,1,43619238,richlv,47892,"{""emergency"":""fire_hydrant"",""fire_hydrant:type"":""pillar""}"
4499383911,node,41.9147547,-87.6679544,fire_hydrant,pillar,,,,,,,,,,,,,,sidewalk,,,,,2023-09-02T21:52:54Z,2,140737305,Lucas Brandt,17561309,"{""emergency"":""fire_hydrant"",""fire_hydrant:position"":""sidewalk"",""fire_hydrant:type"":""pillar""}"
4499383912,node,41.9165677,-87.6663024,fire_hydrant,pillar,,,,,,,,,,,,,,,,,,,2016-11-14T00:17:52Z,1,43619238,richlv,47892,"{""emergency"":""fire_hydrant"",""fire_hydrant:type"":""pillar""}"
4499383963,node,41.9244111,-87.6560737,fire_hydrant,pillar,,,,,,,,,,,,,,,,,,,2017-11-12T22:23:24Z,2,53725104,TacoBeans44,5017627,"{""emergency"":""fire_hydrant"",""fire_hydrant:type"":""pillar""}"
4525512619,node,41.9278308,-87.6416591,fire_hydrant,pillar,,,,,,,,,,,,,,,,,,,2016-11-28T01:06:39Z,1,43994985,richlv,47892,"{""emergency"":""fire_hydrant"",""fire_hydrant:type"":""pillar""}"
4916847939,node,41.9010316,-87.7789358,fire_hydrant,,,,,,,,,,,,,,,,,,,,2017-06-15T12:55:16Z,1,49561756,SednaBoo,2871029,"{""emergency"":""fire_hydrant""}"
4931560940,node,41.8663949,-87.6099923,fire_hydrant,,,,,,,,,,,,,,,,,,,,2017-06-22T21:33:07Z,1,49757536,SednaBoo,2871029,"{""emergency"":""fire_hydrant""}"
4953223459,node,41.8887692,-87.7944197,fire_hydrant,pillar,,,,,,,,,,,,,,sidewalk,,,,,2023-12-04T21:41:39Z,2,144771123,Lucas Brandt,17561309,"{""emergency"":""fire_hydrant"",""fire_hydrant:position"":""sidewalk"",""fire_hydrant:type"":""pillar""}"
5020847931,node,41.86758,-87.7964673,fire_hydrant,,,,,,,,,,,,,,,,,,,,2017-08-07T20:46:56Z,1,50927728,SednaBoo,2871029,"{""emergency"":""fire_hydrant""}"
5020867887,node,41.8687248,-87.7964862,fire_hydrant,,,,,,,,,,,,,,,,,,,,2017-08-07T20:54:23Z,1,50927898,SednaBoo,2871029,"{""emergency"":""fire_hydrant""}"
5032675909,node,41.9046966,-87.7924257,fire_hydrant,,,,,,,,,,,,,,,,,,,,2017-08-13T16:21:51Z,1,51086408,SednaBoo,2871029,"{""emergency"":""fire_hydrant""}"
5065032501,node,41.8833314,-87.80886,fire_hydrant,,,,,,,,,,,,,,,,,,,,2017-08-28T20:49:06Z,1,51521641,SednaBoo,2871029,"{""emergency"":""fire_hydrant""}"
5425300389,node,41.9128519,-87.7067176,fire_hydrant,pillar,,,,,,,,,,,,,,green,,,,,2018-02-20T19:47:40Z,1,56530912,Steven Vance,100042,"{""emergency"":""fire_hydrant"",""fire_hydrant:position"":""green"",""fire_hydrant:type"":""pillar""}"
5495849785,node,41.9791183,-87.8357993,fire_hydrant,,,,,,,,,,,,,,,,,,,,2024-08-28T22:33:41Z,2,155903309,Zol87,1237170,"{""emergency"":""fire_hydrant""}"
5763912459,node,41.8798545,-87.9053589,fire_hydrant,pillar,,,,,,,,,,,,,,green,,,,,2018-07-16T14:00:55Z,1,60765971,chaaqoti,5242897,"{""emergency"":""fire_hydrant"",""fire_hydrant:position"":""green"",""fire_hydrant:type"":""pillar""}"
5763912460,node,41.8778596,-87.9052965,fire_hydrant,pillar,,,,,,,,,,,,,,green,,,,,2018-07-16T14:00:55Z,1,60765971,chaaqoti,5242897,"{""emergency"":""fire_hydrant"",""fire_hydrant:position"":""green"",""fire_hydrant:type"":""pillar""}"
5763912461,node,41.8798948,-87.9062367,fire_hydrant,pillar,,,,,,,,,,,,,,sidewalk,,,,,2018-07-16T14:00:55Z,1,60765971,chaaqoti,5242897,"{""emergency"":""fire_hydrant"",""fire_hydrant:position"":""sidewalk"",""fire_hydrant:type"":""pillar""}"
5763912462,node,41.8798884,-87.9072637,fire_hydrant,pillar,,,,,,,,,,,,,,sidewalk,,,,,2018-07-16T14:00:55Z,1,60765971,chaaqoti,5242897,"{""emergency"":""fire_hydrant"",""fire_hydrant:position"":""sidewalk"",""fire_hydrant:type"":""pillar""}"
5801476656,node,41.8754043,-87.7829426,fire_hydrant,pillar,,,,,,,,,,,,,,sidewalk,,,,,2018-08-01T13:27:00Z,1,61263992,SednaBoo,2871029,"{""emergency"":""fire_hydrant"",""fire_hydrant:position"":""sidewalk"",""fire_hydrant:type"":""pillar""}"
5833498727,node,41.8723104,-87.8094819,fire_hydrant,,,,,,,,,,,,,,,,,,,,2018-08-14T22:19:09Z,1,61671470,SednaBoo,2871029,"{""emergency"":""fire_hydrant""}"
5880315921,node,42.010642,-87.855181,fire_hydrant,,,,,,,,,,,,,,,,,,,,2018-09-04T04:23:51Z,1,62264766,HubMiner,238419,"{""emergency"":""fire_hydrant""}"
5905269185,node,42.0008944,-87.8213029,fire_hydrant,,,,,,,,,,,,,,,,,,,,2018-09-13T23:12:07Z,1,62567803,FA2017Andy,6477475,"{""emergency"":""fire_hydrant""}"
5928071585,node,42.0148278,-87.855185,fire_hydrant,pillar,,,yellow,,,,,,,,,,,,,,,main,2020-07-19T04:59:17Z,2,88190814,HubMiner,238419,"{""colour"":""yellow"",""emergency"":""fire_hydrant"",""fire_hydrant:type"":""pillar"",""water_source"":""main""}"
5928071586,node,42.0123573,-87.8551754,fire_hydrant,,,,,,,,,,,,,,,,,,,,2018-09-25T05:15:40Z,1,62901084,HubMiner,238419,"{""emergency"":""fire_hydrant""}"
6386663483,node,41.9055274,-87.7938307,fire_hydrant,pillar,,,,,,,,,,,,,,sidewalk,,,,,2019-04-05T20:06:51Z,1,68936538,SednaBoo,2871029,"{""emergency"":""fire_hydrant"",""fire_hydrant:position"":""sidewalk"",""fire_hydrant:type"":""pillar""}"
6386664591,node,41.9055229,-87.7948276,fire_hydrant,pillar,,,,,,,,,,,,,,sidewalk,,,,,2019-04-05T20:06:51Z,1,68936538,SednaBoo,2871029,"{""emergency"":""fire_hydrant"",""fire_hydrant:position"":""sidewalk"",""fire_hydrant:type"":""pillar""}"
6387684056,node,41.8805315,-87.7827824,fire_hydrant,pillar,,,,,,,,,,,,,,parking_lot,,,,,2019-04-06T14:30:18Z,1,68953436,SednaBoo,2871029,"{""emergency"":""fire_hydrant"",""fire_hydrant:position"":""parking_lot"",""fire_hydrant:type"":""pillar""}"
6391961557,node,41.905557,-87.7924835,fire_hydrant,pillar,,,,,,,,,,,,,,sidewalk,,,,,2019-04-08T21:02:41Z,1,69023009,SednaBoo,2871029,"{""emergency"":""fire_hydrant"",""fire_hydrant:position"":""sidewalk"",""fire_hydrant:type"":""pillar""}"
6409372286,node,41.8831407,-87.80407,fire_hydrant,pillar,,,,,,,,,,,,,,,,,,,2019-04-16T13:47:49Z,1,69272501,SednaBoo,2871029,"{""emergency"":""fire_hydrant"",""fire_hydrant:type"":""pillar""}"
6410467801,node,41.8916686,-87.7816122,fire_hydrant,pillar,,,,,,,,,,,,,,green,,,,,2024-07-18T22:20:14Z,3,154120633,Lucas Brandt,17561309,"{""emergency"":""fire_hydrant"",""fire_hydrant:position"":""green"",""fire_hydrant:type"":""pillar""}"
6418225715,node,41.8769748,-87.7940686,fire_hydrant,pillar,,,,,,,,,,,,,,,,,,,2019-04-20T17:28:01Z,1,69407433,SednaBoo,2871029,"{""emergency"":""fire_hydrant"",""fire_hydrant:type"":""pillar""}"
6452998393,node,41.9080665,-87.7925271,fire_hydrant,pillar,,,,,,,,,,,,,,,,,,,2019-05-06T19:46:39Z,1,69949610,SednaBoo,2871029,"{""emergency"":""fire_hydrant"",""fire_hydrant:type"":""pillar""}"
6452998397,node,41.9071663,-87.7924943,fire_hydrant,pillar,,,,,,,,,,,,,,,,,,,2019-05-06T19:46:39Z,1,69949610,SednaBoo,2871029,"{""emergency"":""fire_hydrant"",""fire_hydrant:type"":""pillar""}"
6452998398,node,41.9071406,-87.7936967,fire_hydrant,pillar,,,,,,,,,,,,,,,,,,,2019-05-06T19:46:39Z,1,69949610,SednaBoo,2871029,"{""emergency"":""fire_hydrant"",""fire_hydrant:type"":""pillar""}"
6453003941,node,41.9054158,-87.7980674,fire_hydrant,pillar,,,,,,,,,,,,,,,,,,,2019-05-06T19:54:01Z,1,69949813,SednaBoo,2871029,"{""emergency"":""fire_hydrant"",""fire_hydrant:type"":""pillar""}"
6453003942,node,41.9045382,-87.798154,fire_hydrant,pillar,,,,,,,,,,,,,,,,,,,2019-05-06T19:54:01Z,1,69949813,SednaBoo,2871029,"{""emergency"":""fire_hydrant"",""fire_hydrant:type"":""pillar""}"
6453003956,node,41.9052235,-87.7978301,fire_hydrant,pillar,,,,,,,,,,,,,,,,,,,2019-05-06T19:54:01Z,1,69949813,SednaBoo,2871029,"{""emergency"":""fire_hydrant"",""fire_hydrant:type"":""pillar""}"
6453003958,node,41.9035821,-87.7981283,fire_hydrant,pillar,,,,,,,,,,,,,,,,,,,2019-05-06T19:54:01Z,1,69949813,SednaBoo,2871029,"{""emergency"":""fire_hydrant"",""fire_hydrant:type"":""pillar""}"
6453071496,node,41.9089483,-87.7925456,fire_hydrant,pillar,,,,,,,,,,,,,,,,,,,2019-05-06T20:32:57Z,1,69950994,SednaBoo,2871029,"{""emergency"":""fire_hydrant"",""fire_hydrant:type"":""pillar""}"
6464602880,node,41.9044237,-87.7963628,fire_hydrant,pillar,,,,,,,,,,,,,,,,,,,2019-05-10T13:21:55Z,1,70109750,SednaBoo,2871029,"{""emergency"":""fire_hydrant"",""fire_hydrant:type"":""pillar""}"
6464602985,node,41.9052453,-87.7963725,fire_hydrant,pillar,,,,,,,,,,,,,,,,,,,2019-05-10T13:21:55Z,1,70109750,SednaBoo,2871029,"{""emergency"":""fire_hydrant"",""fire_hydrant:type"":""pillar""}"
6464602986,node,41.9034505,-87.7963146,fire_hydrant,pillar,,,,,,,,,,,,,,,,,,,2019-05-10T13:21:55Z,1,70109750,SednaBoo,2871029,"{""emergency"":""fire_hydrant"",""fire_hydrant:type"":""pillar""}"
6479003255,node,41.9064414,-87.7948997,fire_hydrant,pillar,,,,,,,,,,,,,,,,,,,2019-05-16T19:47:30Z,1,70333633,SednaBoo,2871029,"{""emergency"":""fire_hydrant"",""fire_hydrant:type"":""pillar""}"
6479003260,node,41.9071293,-87.7948681,fire_hydrant,pillar,,,,,,,,,,,,,,,,,,,2019-05-16T19:47:30Z,1,70333633,SednaBoo,2871029,"{""emergency"":""fire_hydrant"",""fire_hydrant:type"":""pillar""}"
6514053646,node,41.9088972,-87.7964618,fire_hydrant,pillar,,,,,,,,,,,,,,,,,,,2019-05-31T19:53:21Z,1,70821223,SednaBoo,2871029,"{""emergency"":""fire_hydrant"",""fire_hydrant:type"":""pillar""}"
6514053652,node,41.9082816,-87.7980292,fire_hydrant,pillar,,,,,,,,,,,,,,,,,,,2019-05-31T19:53:21Z,1,70821223,SednaBoo,2871029,"{""emergency"":""fire_hydrant"",""fire_hydrant:type"":""pillar""}"
6514053653,node,41.9088296,-87.7982884,fire_hydrant,pillar,,,,,,,,,,,,,,,,,,,2019-05-31T19:53:21Z,1,70821223,SednaBoo,2871029,"{""emergency"":""fire_hydrant"",""fire_hydrant:type"":""pillar""}"
6514053660,node,41.9088294,-87.7979504,fire_hydrant,pillar,,,,,,,,,,,,,,,,,,,2022-02-18T19:01:17Z,2,117578054,Zol87,1237170,"{""emergency"":""fire_hydrant"",""fire_hydrant:type"":""pillar""}"
6514053661,node,41.9089085,-87.7949256,fire_hydrant,pillar,,,,,,,,,,,,,,,,,,,2019-05-31T19:53:21Z,1,70821223,SednaBoo,2871029,"{""emergency"":""fire_hydrant"",""fire_hydrant:type"":""pillar""}"
6514064275,node,41.9072478,-87.7982422,fire_hydrant,pillar,,,,,,,,,,,,,,,,,,,2019-05-31T19:56:08Z,1,70821302,SednaBoo,2871029,"{""emergency"":""fire_hydrant"",""fire_hydrant:type"":""pillar""}"
6514064276,node,41.9070496,-87.7978795,fire_hydrant,,,,,,,,,,,,,,,,,,,,2019-05-31T19:56:08Z,1,70821302,SednaBoo,2871029,"{""emergency"":""fire_hydrant""}"
6575024678,node,41.823829,-87.8028513,fire_hydrant,,,,,,,,,,,,,,,,,,,,2019-06-27T15:54:24Z,1,71677900,SednaBoo,2871029,"{""emergency"":""fire_hydrant""}"
6575039930,node,41.8264539,-87.8049862,fire_hydrant,pillar,,,,,,,,,,,,,,,,,,,2019-06-27T15:46:05Z,1,71677632,SednaBoo,2871029,"{""emergency"":""fire_hydrant"",""fire_hydrant:type"":""pillar""}"
6576874464,node,41.8875723,-87.819782,fire_hydrant,pillar,,,,,,,,,,,,,,,,,,,2019-06-28T14:01:35Z,1,71709434,SednaBoo,2871029,"{""emergency"":""fire_hydrant"",""fire_hydrant:type"":""pillar""}"
6582539681,node,41.8916508,-87.7830885,fire_hydrant,,,,,,,,,,,,,,,,,,,,2019-07-01T20:04:12Z,1,71798181,SednaBoo,2871029,"{""emergency"":""fire_hydrant""}"
6849070641,node,41.897417,-87.6956034,fire_hydrant,,,,red,,,,,,,,,,,,,,,main,2019-10-04T02:35:14Z,1,75257669,jadakiara,10347600,"{""colour"":""red"",""emergency"":""fire_hydrant"",""water_source"":""main""}"
6909740404,node,41.9563654,-87.7472339,fire_hydrant,pillar,,,,,,,,,,,,,,green,,,,,2019-10-23T16:13:55Z,1,76114312,JakeTheMoose,1898744,"{""emergency"":""fire_hydrant"",""fire_hydrant:position"":""green"",""fire_hydrant:type"":""pillar""}"
6909740405,node,41.9545443,-87.7474817,fire_hydrant,pillar,,,,,,,,,,,,,,sidewalk,,,,,2019-10-23T16:13:55Z,1,76114312,JakeTheMoose,1898744,"{""emergency"":""fire_hydrant"",""fire_hydrant:position"":""sidewalk"",""fire_hydrant:type"":""pillar""}"
6909740406,node,41.9553589,-87.7472014,fire_hydrant,pillar,,,,,,,,,,,,,,sidewalk,,,,,2019-10-23T16:13:55Z,1,76114312,JakeTheMoose,1898744,"{""emergency"":""fire_hydrant"",""fire_hydrant:position"":""sidewalk"",""fire_hydrant:type"":""pillar""}"
6909740408,node,41.954379,-87.7472106,fire_hydrant,pillar,,,,,,,,,,,,,,sidewalk,,,,,2019-10-23T16:13:55Z,1,76114312,JakeTheMoose,1898744,"{""emergency"":""fire_hydrant"",""fire_hydrant:position"":""sidewalk"",""fire_hydrant:type"":""pillar""}"
6909740409,node,41.9555776,-87.7475032,fire_hydrant,pillar,,,,,,,,,,,,,,green,,,,,2019-10-23T16:13:55Z,1,76114312,JakeTheMoose,1898744,"{""emergency"":""fire_hydrant"",""fire_hydrant:position"":""green"",""fire_hydrant:type"":""pillar""}"
6909740413,node,41.9561161,-87.7475788,fire_hydrant,pillar,,,,,,,,,,,,,,green,,,,,2019-10-23T16:13:55Z,1,76114312,JakeTheMoose,1898744,"{""emergency"":""fire_hydrant"",""fire_hydrant:position"":""green"",""fire_hydrant:type"":""pillar""}"
6909740414,node,41.9536367,-87.7471807,fire_hydrant,pillar,,,,,,,,,,,,,,sidewalk,,,,,2019-10-23T16:13:55Z,1,76114312,JakeTheMoose,1898744,"{""emergency"":""fire_hydrant"",""fire_hydrant:position"":""sidewalk"",""fire_hydrant:type"":""pillar""}"
6909740415,node,41.9565737,-87.7475375,fire_hydrant,pillar,,,,,,,,,,,,,,green,,,,,2019-10-23T16:13:55Z,1,76114312,JakeTheMoose,1898744,"{""emergency"":""fire_hydrant"",""fire_hydrant:position"":""green"",""fire_hydrant:type"":""pillar""}"
6909740417,node,41.97005,-87.7392917,fire_hydrant,,,,,,,,,,,,,,,,,,,,2019-10-23T16:13:55Z,1,76114312,JakeTheMoose,1898744,"{""emergency"":""fire_hydrant""}"
6909740421,node,41.9571137,-87.7476789,fire_hydrant,pillar,,,,,,,,,,,,,,green,,,,,2019-10-23T16:13:55Z,1,76114312,JakeTheMoose,1898744,"{""emergency"":""fire_hydrant"",""fire_hydrant:position"":""green"",""fire_hydrant:type"":""pillar""}"
7607257224,node,41.9987738,-87.6585495,fire_hydrant,,,,,,,,,,,,,,,,,,,main,2020-06-10T01:21:14Z,1,86431072,sannkc,1561092,"{""emergency"":""fire_hydrant"",""water_source"":""main""}"
7607257437,node,41.9982891,-87.6572228,fire_hydrant,pillar,,,,,,,,,,,,,,sidewalk,,,,main,2022-09-30T19:54:36Z,3,126838606,OSMWeekly,8610118,"{""emergency"":""fire_hydrant"",""fire_hydrant:position"":""sidewalk"",""fire_hydrant:type"":""pillar"",""water_source"":""main""}"
7608062704,node,41.9978312,-87.6555379,fire_hydrant,pillar,,,,,,,,,,,,,,sidewalk,,,,main,2023-11-06T02:10:30Z,3,143673632,Lucas Brandt,17561309,"{""emergency"":""fire_hydrant"",""fire_hydrant:position"":""sidewalk"",""fire_hydrant:type"":""pillar"",""water_source"":""main""}"
7608062784,node,41.9983054,-87.6562651,fire_hydrant,pillar,,,,,,,,,,,,,,sidewalk,,,,main,2023-11-26T22:27:29Z,3,144487406,Lucas Brandt,17561309,"{""emergency"":""fire_hydrant"",""fire_hydrant:position"":""sidewalk"",""fire_hydrant:type"":""pillar"",""water_source"":""main""}"
7608318127,node,42.0009585,-87.6606218,fire_hydrant,underground,,,,,,,,,,,,,,,,,,main,2021-07-20T05:06:19Z,2,108286086,トール,13773874,"{""emergency"":""fire_hydrant"",""fire_hydrant:type"":""underground"",""water_source"":""main""}"
7608318155,node,42.0014082,-87.6606169,fire_hydrant,underground,,,,,,,,,,,,,,,,,,main,2021-07-20T05:07:13Z,2,108286086,トール,13773874,"{""emergency"":""fire_hydrant"",""fire_hydrant:type"":""underground"",""water_source"":""main""}"
7608492690,node,42.0016238,-87.6575641,fire_hydrant,,,,,,,,,,,,,,,,,,,main,2020-06-10T10:13:18Z,1,86456399,sannkc,1561092,"{""emergency"":""fire_hydrant"",""water_source"":""main""}"
7608492772,node,42.0016362,-87.6566729,fire_hydrant,,,,,,,,,,,,,,,,,,,main,2020-06-10T10:13:18Z,1,86456399,sannkc,1561092,"{""emergency"":""fire_hydrant"",""water_source"":""main""}"
7613189651,node,41.9982726,-87.6590834,fire_hydrant,,,,,,,,,,,,,,,,,,,main,2020-06-11T18:29:24Z,1,86530902,sannkc,1561092,"{""emergency"":""fire_hydrant"",""water_source"":""main""}"
7613383996,node,41.9965448,-87.656979,fire_hydrant,,,,,,,,,,,,,,,,,,,main,2020-06-11T20:54:03Z,1,86533929,sannkc,1561092,"{""emergency"":""fire_hydrant"",""water_source"":""main""}"
7615606967,node,42.0034027,-87.6609343,fire_hydrant,,,,,,,,,,,,,,,,,,,main,2020-06-12T12:25:47Z,1,86567088,sannkc,1561092,"{""emergency"":""fire_hydrant"",""water_source"":""main""}"
7616068347,node,42.0015995,-87.65963,fire_hydrant,pillar,,,,,,,,,,,,,,,,,,main,2020-06-12T15:19:32Z,1,86573847,sannkc,1561092,"{""emergency"":""fire_hydrant"",""fire_hydrant:type"":""pillar"",""water_source"":""main""}"
7616068508,node,42.0025044,-87.6605943,fire_hydrant,pillar,,,,,,,,,,,,,,,,,,main,2020-06-12T15:19:32Z,1,86573847,sannkc,1561092,"{""emergency"":""fire_hydrant"",""fire_hydrant:type"":""pillar"",""water_source"":""main""}"
7617294924,node,41.9946389,-87.6594938,fire_hydrant,pillar,,,,,,,,,,,,,,,,,,main,2020-06-13T06:11:08Z,1,86591105,sannkc,1561092,"{""emergency"":""fire_hydrant"",""fire_hydrant:type"":""pillar"",""water_source"":""main""}"
7618279645,node,41.9953659,-87.6583206,fire_hydrant,pillar,,,,,,,,,,,,,,,,,,main,2020-06-13T18:10:57Z,1,86606074,sannkc,1561092,"{""emergency"":""fire_hydrant"",""fire_hydrant:type"":""pillar"",""water_source"":""main""}"
7658740561,node,41.8801928,-87.6245411,fire_hydrant,pillar,,,,,,,,,,,,,,sidewalk,,,,,2020-06-27T15:36:20Z,1,87229343,ianlopez1115,44938,"{""emergency"":""fire_hydrant"",""fire_hydrant:position"":""sidewalk"",""fire_hydrant:type"":""pillar""}"
7658740565,node,41.8793506,-87.6242206,fire_hydrant,pillar,,,,,,,,,,,,,,sidewalk,,,,,2020-06-27T15:36:20Z,1,87229343,ianlopez1115,44938,"{""emergency"":""fire_hydrant"",""fire_hydrant:position"":""sidewalk"",""fire_hydrant:type"":""pillar""}"
7672251095,node,41.9684642,-87.77723,fire_hydrant,pillar,,,red,,,,,,,,,,,,,,,,2021-06-27T02:17:34Z,2,107020773,raddevelopment9,3843052,"{""colour"":""red"",""emergency"":""fire_hydrant"",""fire_hydrant:type"":""pillar""}"
7672251096,node,41.9686174,-87.7760326,fire_hydrant,pillar,,,red,,,,,,,,,,,,,,,,2021-06-27T02:17:34Z,2,107020773,raddevelopment9,3843052,"{""colour"":""red"",""emergency"":""fire_hydrant"",""fire_hydrant:type"":""pillar""}"
7672251097,node,41.968676,-87.7727228,fire_hydrant,pillar,,,color,,,,,,,,,,,,,,,,2020-07-01T02:19:46Z,1,87371331,raddevelopment9,3843052,"{""colour"":""color"",""emergency"":""fire_hydrant"",""fire_hydrant:type"":""pillar""}"
7672251098,node,41.9687012,-87.770349,fire_hydrant,pillar,,,red,,,,,,,,,,,,,,,,2020-07-01T02:19:46Z,1,87371331,raddevelopment9,3843052,"{""colour"":""red"",""emergency"":""fire_hydrant"",""fire_hydrant:type"":""pillar""}"
7672251099,node,41.9687146,-87.7691468,fire_hydrant,pillar,,,red,,,,,,,,,,,,,,,,2020-07-01T02:19:46Z,1,87371331,raddevelopment9,3843052,"{""colour"":""red"",""emergency"":""fire_hydrant"",""fire_hydrant:type"":""pillar""}"
7672251100,node,41.9687886,-87.7675865,fire_hydrant,pillar,,,red,,,,,,,,,,,,,,,,2020-07-01T02:19:46Z,1,87371331,raddevelopment9,3843052,"{""colour"":""red"",""emergency"":""fire_hydrant"",""fire_hydrant:type"":""pillar""}"
7672251101,node,41.9694986,-87.7759085,fire_hydrant,pillar,,,red,,,,,,,,,,,,,,,,2020-07-01T02:19:46Z,1,87371331,raddevelopment9,3843052,"{""colour"":""red"",""emergency"":""fire_hydrant"",""fire_hydrant:type"":""pillar""}"
7672251102,node,41.9703812,-87.7758948,fire_hydrant,pillar,,,red,,,,,,,,,,,,,,,,2020-07-01T02:19:46Z,1,87371331,raddevelopment9,3843052,"{""colour"":""red"",""emergency"":""fire_hydrant"",""fire_hydrant:type"":""pillar""}"
7672251103,node,41.9712497,-87.7770824,fire_hydrant,pillar,,,red,,,,,,,,,,,,,,,,2020-07-01T02:19:46Z,1,87371331,raddevelopment9,3843052,"{""colour"":""red"",""emergency"":""fire_hydrant"",""fire_hydrant:type"":""pillar""}"
7672251104,node,41.9703921,-87.777111,fire_hydrant,pillar,,,red,,,,,,,,,,,,,,,,2020-07-01T02:19:46Z,1,87371331,raddevelopment9,3843052,"{""colour"":""red"",""emergency"":""fire_hydrant"",""fire_hydrant:type"":""pillar""}"
7672251105,node,41.9703788,-87.7746769,fire_hydrant,pillar,,,red,,,,,,,,,,,,,,,,2020-07-01T02:19:46Z,1,87371331,raddevelopment9,3843052,"{""colour"":""red"",""emergency"":""fire_hydrant"",""fire_hydrant:type"":""pillar""}"
7672251106,node,41.9712438,-87.7746583,fire_hydrant,pillar,,,red,,,,,,,,,,,,,,,,2020-07-01T02:19:46Z,1,87371331,raddevelopment9,3843052,"{""colour"":""red"",""emergency"":""fire_hydrant"",""fire_hydrant:type"":""pillar""}"
7727743855,node,42.0146103,-87.8554104,fire_hydrant,pillar,,,yellow,,,,,,,,,,,,,,,main,2021-04-12T08:16:00Z,2,102784783,Zol87,1237170,"{""colour"":""yellow"",""emergency"":""fire_hydrant"",""fire_hydrant:type"":""pillar"",""water_source"":""main""}"
8026908954,node,41.9936596,-87.6627472,fire_hydrant,pillar,,,,,,,,,,,,,,,,,,main,2020-10-21T03:59:18Z,1,92798176,wegerje,598564,"{""emergency"":""fire_hydrant"",""fire_hydrant:type"":""pillar"",""water_source"":""main""}"
8105663266,node,41.9289019,-87.6538041,fire_hydrant,pillar,,,red,,,,,,,,,,,,,,,main,2020-11-11T03:57:19Z,1,93893942,IanH,306962,"{""colour"":""red"",""emergency"":""fire_hydrant"",""fire_hydrant:type"":""pillar"",""water_source"":""main""}"
8105663295,node,41.928161,-87.6538343,fire_hydrant,pillar,,,red,,,,,,,,,,,,,,,main,2020-11-11T03:57:19Z,1,93893942,IanH,306962,"{""colour"":""red"",""emergency"":""fire_hydrant"",""fire_hydrant:type"":""pillar"",""water_source"":""main""}"
8105833686,node,41.8815643,-87.6657546,fire_hydrant,pillar,,,red,,,,,,,,,,,,,,,main,2020-11-11T05:24:24Z,1,93898120,IanH,306962,"{""colour"":""red"",""emergency"":""fire_hydrant"",""fire_hydrant:type"":""pillar"",""water_source"":""main""}"
8140652837,node,41.7590271,-87.7997477,fire_hydrant,pillar,,,red,,,,,,,,,,,,,,,main,2020-11-19T04:02:05Z,1,94406245,IanH,306962,"{""colour"":""red"",""emergency"":""fire_hydrant"",""fire_hydrant:type"":""pillar"",""water_source"":""main""}"
8181537890,node,41.8506548,-87.7931963,fire_hydrant,pillar,,,red,,,,,,,,,,,,,,,main,2020-12-01T02:35:46Z,1,95075210,IanH,306962,"{""colour"":""red"",""emergency"":""fire_hydrant"",""fire_hydrant:type"":""pillar"",""water_source"":""main""}"
8181537907,node,41.8504433,-87.7934546,fire_hydrant,pillar,,,red,,,,,,,,,,,,,,,main,2020-12-01T02:35:46Z,1,95075210,IanH,306962,"{""colour"":""red"",""emergency"":""fire_hydrant"",""fire_hydrant:type"":""pillar"",""water_source"":""main""}"
8181741709,node,41.8433742,-87.7932291,fire_hydrant,pillar,,,,,,,,,,,,,,,,,,main,2020-12-01T04:50:57Z,1,95077461,IanH,306962,"{""emergency"":""fire_hydrant"",""fire_hydrant:type"":""pillar"",""water_source"":""main""}"
8181744847,node,41.8431696,-87.7919789,fire_hydrant,pillar,,,,,,,,,,,,,,,,,,main,2020-12-01T04:50:57Z,1,95077461,IanH,306962,"{""emergency"":""fire_hydrant"",""fire_hydrant:type"":""pillar"",""water_source"":""main""}"
9281296445,node,41.8421613,-87.8229828,fire_hydrant,pillar,,,,,,,,,,,,,,,,,,main,2021-11-24T19:07:08Z,1,114194045,MapSpot,10183030,"{""emergency"":""fire_hydrant"",""fire_hydrant:type"":""pillar"",""water_source"":""main""}"
9690485118,node,41.7345107,-87.7517009,fire_hydrant,,,,,,,,,,,,,,,,,,,main,2022-04-24T20:05:59Z,1,120137620,Kalepom,392288,"{""emergency"":""fire_hydrant"",""water_source"":""main""}"
9690485119,node,41.7341941,-87.7520846,fire_hydrant,,,,,,,,,,,,,,,,,,,main,2022-04-24T20:05:59Z,1,120137620,Kalepom,392288,"{""emergency"":""fire_hydrant"",""water_source"":""main""}"
9690489898,node,41.7967685,-87.756382,fire_hydrant,,,,,,,,,,,,,,,,,,,main,2022-04-24T20:18:19Z,1,120137939,Kalepom,392288,"{""emergency"":""fire_hydrant"",""water_source"":""main""}"
9690567106,node,41.8579067,-87.6301277,fire_hydrant,,,,,,,,,,,,,,,,,,,main,2022-04-24T20:50:32Z,1,120138712,Kalepom,392288,"{""emergency"":""fire_hydrant"",""water_source"":""main""}"
9690570983,node,41.8845114,-87.7110601,fire_hydrant,,,,,,,,,,,,,,,,,,,main,2022-04-24T21:10:22Z,1,120139199,Kalepom,392288,"{""emergency"":""fire_hydrant"",""water_source"":""main""}"
9690577868,node,41.8636668,-87.6896839,fire_hydrant,,,,,,,,,,,,,,,,,,,main,2022-04-24T21:01:06Z,1,120138987,Kalepom,392288,"{""emergency"":""fire_hydrant"",""water_source"":""main""}"
9690577871,node,41.8632913,-87.690742,fire_hydrant,,,,,,,,,,,,,,,,,,,main,2022-04-24T21:01:06Z,1,120138987,Kalepom,392288,"{""emergency"":""fire_hydrant"",""water_source"":""main""}"
9696011843,node,41.9468028,-87.67843,fire_hydrant,pillar,,,,,,,,,,,,,,sidewalk,,,,main,2023-12-10T21:58:48Z,3,144978820,Lucas Brandt,17561309,"{""emergency"":""fire_hydrant"",""fire_hydrant:position"":""sidewalk"",""fire_hydrant:type"":""pillar"",""water_source"":""main""}"
10076002540,node,41.959241,-87.6536214,fire_hydrant,pillar,,,red,,,,,,,,,,,sidewalk,,,,,2023-05-25T06:21:52Z,2,136526956,TEMarc4fun,3932100,"{""colour"":""red"",""emergency"":""fire_hydrant"",""fire_hydrant:position"":""sidewalk"",""fire_hydrant:type"":""pillar""}"
10076042117,node,41.9597485,-87.6539449,fire_hydrant,pillar,,,red,,,,,,,,,,,,,,,,2022-10-04T23:19:08Z,1,127019994,epicspongee,8636528,"{""colour"":""red"",""emergency"":""fire_hydrant"",""fire_hydrant:type"":""pillar""}"
10076046017,node,41.9582652,-87.6530008,fire_hydrant,pillar,,,red,,,,,,,,,,,,,,,,2022-10-04T23:28:41Z,1,127020302,epicspongee,8636528,"{""colour"":""red"",""emergency"":""fire_hydrant"",""fire_hydrant:type"":""pillar""}"
10080885383,node,41.9473974,-87.6496533,fire_hydrant,pillar,,,red,,,,,,,,,,,sidewalk,,,,,2023-10-13T01:00:58Z,2,142501062,epicspongee,8636528,"{""colour"":""red"",""emergency"":""fire_hydrant"",""fire_hydrant:position"":""sidewalk"",""fire_hydrant:type"":""pillar""}"
10696007020,node,42.0154117,-87.9438043,fire_hydrant,,,,,,,,,,,,,,,,,,,,2023-02-27T14:35:11Z,2,133090366,Note_Fixer,12688979,"{""emergency"":""fire_hydrant""}"
10721875151,node,41.8467041,-87.8598583,fire_hydrant,,,,,,,,,,,,,,,,,,,,2023-03-08T17:33:31Z,1,133449953,anon20220211,15065494,"{""emergency"":""fire_hydrant""}"
10722195450,node,41.8262555,-87.853382,fire_hydrant,,,,,,,,,,,,,,,,,,,,2023-03-08T20:26:26Z,1,133454799,anon20220211,15065494,"{""emergency"":""fire_hydrant""}"
10722195451,node,41.8267479,-87.8527651,fire_hydrant,,,,,,,,,,,,,,,,,,,,2023-03-08T20:26:26Z,1,133454799,anon20220211,15065494,"{""emergency"":""fire_hydrant""}"
10722195452,node,41.8272389,-87.8521437,fire_hydrant,,,,,,,,,,,,,,,,,,,,2023-03-08T20:26:26Z,1,133454799,anon20220211,15065494,"{""emergency"":""fire_hydrant""}"
10792250094,node,41.8990196,-87.6239932,fire_hydrant,,,,,,,,,,,,,,,,,,,,2024-05-13T02:40:05Z,4,151247257,nickvet419,18480,"{""emergency"":""fire_hydrant""}"
10934181694,node,41.7879675,-87.5901329,fire_hydrant,pillar,,,,,,,,,,,,,,grass,,,,,2023-05-28T15:55:30Z,1,136662445,barefootstache,12164053,"{""emergency"":""fire_hydrant"",""fire_hydrant:position"":""grass"",""fire_hydrant:type"":""pillar""}"
10945665712,node,41.8805706,-87.6365554,fire_hydrant,pipe,,,,,,,,,,,,,,,,,,,2025-02-14T18:00:35Z,2,162512785,wrennifer,5007182,"{""emergency"":""fire_hydrant"",""fire_hydrant:type"":""pipe""}"
10945665719,node,41.880582,-87.6358037,fire_hydrant,pillar,,,,,,,,,,,,,,sidewalk,,,,,2024-12-28T02:10:11Z,3,160698730,TopoNick,20983092,"{""emergency"":""fire_hydrant"",""fire_hydrant:position"":""sidewalk"",""fire_hydrant:type"":""pillar""}"
10957839265,node,41.8795294,-87.6279804,fire_hydrant,pillar,,,,,,,,,,,,,,sidewalk,,,,,2025-05-15T18:14:35Z,3,166317946,wrennifer,5007182,"{""emergency"":""fire_hydrant"",""fire_hydrant:position"":""sidewalk"",""fire_hydrant:type"":""pillar""}"
10957839370,node,41.8806608,-87.6292244,fire_hydrant,pipe,,,,,,,,,,,,,,,,,,,2025-02-09T20:12:55Z,2,162327420,wrennifer,5007182,"{""emergency"":""fire_hydrant"",""fire_hydrant:type"":""pipe""}"
11286330429,node,41.6683283,-87.7331831,fire_hydrant,,,,,,,,,,,,,,,,,,,,2023-10-24T14:18:08Z,1,143067983,MariusEbe,10558809,"{""emergency"":""fire_hydrant""}"
11286330436,node,41.6660801,-87.7332747,fire_hydrant,,,,,,,,,,,,,,,,,,,,2023-10-24T14:18:08Z,1,143067983,MariusEbe,10558809,"{""emergency"":""fire_hydrant""}"
11286330448,node,41.666081,-87.7320668,fire_hydrant,,,,,,,,,,,,,,,,,,,,2023-10-24T14:18:08Z,1,143067983,MariusEbe,10558809,"{""emergency"":""fire_hydrant""}"
11286330451,node,41.6661251,-87.7308645,fire_hydrant,,,,,,,,,,,,,,,,,,,,2023-10-24T14:18:08Z,1,143067983,MariusEbe,10558809,"{""emergency"":""fire_hydrant""}"
11360458269,node,41.9443378,-87.6700858,fire_hydrant,,,,,,,,,,,,,,,,,,,,2023-11-18T17:41:33Z,1,144184236,chriswhy,5568963,"{""emergency"":""fire_hydrant""}"
11454116147,node,42.021811,-87.8645135,fire_hydrant,,,,yellow,,,,,,,,,,,,,,,,2023-12-26T01:22:18Z,1,145515731,HubMiner,238419,"{""colour"":""yellow"",""emergency"":""fire_hydrant""}"
11528517591,node,41.9432881,-87.6782966,fire_hydrant,pillar,,,,,,,,,,,,,,sidewalk,,,,,2024-09-28T13:34:58Z,3,157211193,Lucas Brandt,17561309,"{""emergency"":""fire_hydrant"",""fire_hydrant:position"":""sidewalk"",""fire_hydrant:type"":""pillar""}"
11528517592,node,41.9433017,-87.6771492,fire_hydrant,,,,,,,,,,,,,,,,,,,,2024-01-18T18:02:38Z,1,146415507,Avelludo,19437757,"{""emergency"":""fire_hydrant""}"
11541686757,node,41.9430159,-87.6783703,fire_hydrant,pillar,,,,,,,,,,,,,,sidewalk,,,,,2024-04-14T15:13:53Z,3,149996602,Lucas Brandt,17561309,"{""emergency"":""fire_hydrant"",""fire_hydrant:position"":""sidewalk"",""fire_hydrant:type"":""pillar""}"
11542211918,node,41.9528194,-87.6495051,fire_hydrant,pillar,,,,,,,,,,,,,,sidewalk,,,,,2024-05-13T01:40:47Z,3,151246485,epicspongee,8636528,"{""emergency"":""fire_hydrant"",""fire_hydrant:position"":""sidewalk"",""fire_hydrant:type"":""pillar""}"
11627267278,node,41.8792066,-87.6517719,fire_hydrant,pillar,,,,,,,,,,,,,,sidewalk,,,,,2024-06-20T21:31:25Z,3,152966917,Lucas Brandt,17561309,"{""emergency"":""fire_hydrant"",""fire_hydrant:position"":""sidewalk"",""fire_hydrant:type"":""pillar""}"
11627267279,node,41.8792348,-87.650659,fire_hydrant,pillar,,,,,,,,,,,,,,sidewalk,,,,,2024-06-20T21:30:58Z,3,152966917,Lucas Brandt,17561309,"{""emergency"":""fire_hydrant"",""fire_hydrant:position"":""sidewalk"",""fire_hydrant:type"":""pillar""}"
11627267280,node,41.8792598,-87.6494786,fire_hydrant,,,,,,,,,,,,,,,,,,,,2024-02-15T16:01:08Z,1,147498005,ion_chi,13257641,"{""emergency"":""fire_hydrant""}"
11627267286,node,41.8785131,-87.6508524,fire_hydrant,,,,,,,,,,,,,,,,,,,,2024-02-15T16:01:08Z,1,147498005,ion_chi,13257641,"{""emergency"":""fire_hydrant""}"
11627288528,node,41.8845485,-87.6428432,fire_hydrant,,,,,,,,,,,,,,,,,,,,2024-02-15T16:14:32Z,1,147498532,ion_chi,13257641,"{""emergency"":""fire_hydrant""}"
11627288531,node,41.8856105,-87.642886,fire_hydrant,,,,,,,,,,,,,,,,,,,,2024-02-15T16:14:32Z,1,147498532,ion_chi,13257641,"{""emergency"":""fire_hydrant""}"
11669318268,node,41.8025186,-87.5917055,fire_hydrant,pillar,,,,,,,,,,,,,,green,,,,,2024-05-16T14:09:38Z,2,151410188,OSMWeekly,8610118,"{""emergency"":""fire_hydrant"",""fire_hydrant:position"":""green"",""fire_hydrant:type"":""pillar""}"
11681922599,node,41.8022889,-87.5933817,fire_hydrant,pillar,,,,,,,,,,,,,,green,,,,,2024-05-16T14:13:18Z,2,151410188,OSMWeekly,8610118,"{""emergency"":""fire_hydrant"",""fire_hydrant:position"":""green"",""fire_hydrant:type"":""pillar""}"
11681922601,node,41.8025069,-87.5931387,fire_hydrant,pillar,,,,,,,,,,,,,,green,,,,,2024-05-16T14:13:03Z,2,151410188,OSMWeekly,8610118,"{""emergency"":""fire_hydrant"",""fire_hydrant:position"":""green"",""fire_hydrant:type"":""pillar""}"
11734817913,node,41.9516867,-87.6415375,fire_hydrant,,,,,,,,,,,,,,,,,,,,2024-03-15T17:50:31Z,1,148701043,Kovirii,6836690,"{""emergency"":""fire_hydrant""}"
11816707615,node,41.9014456,-87.6773379,fire_hydrant,pillar,,,,,,,,,,,,,,sidewalk,,,,,2024-04-14T14:56:30Z,3,149996602,Lucas Brandt,17561309,"{""emergency"":""fire_hydrant"",""fire_hydrant:position"":""sidewalk"",""fire_hydrant:type"":""pillar""}"
11816732039,node,41.9102304,-87.6771216,fire_hydrant,pillar,,,,,,,,,,,,,,sidewalk,,,,,2024-04-14T15:02:39Z,3,149996602,Lucas Brandt,17561309,"{""emergency"":""fire_hydrant"",""fire_hydrant:position"":""sidewalk"",""fire_hydrant:type"":""pillar""}"
11816735603,node,41.9088024,-87.6772838,fire_hydrant,pillar,,,red,,,,,,,,,,,green,,,,,2024-06-11T22:36:15Z,4,152563645,Tex2002ans,21307313,"{""colour"":""red"",""emergency"":""fire_hydrant"",""fire_hydrant:position"":""green"",""fire_hydrant:type"":""pillar""}"
11816735787,node,41.9013151,-87.6770689,fire_hydrant,pillar,,,,,,,,,,,,,,sidewalk,,,,,2024-04-14T14:56:08Z,3,149996602,Lucas Brandt,17561309,"{""emergency"":""fire_hydrant"",""fire_hydrant:position"":""sidewalk"",""fire_hydrant:type"":""pillar""}"
11816739862,node,41.9358082,-87.6781569,fire_hydrant,pillar,,,,,,,,,,,,,,sidewalk,,,,,2024-04-14T15:11:36Z,3,149996602,Lucas Brandt,17561309,"{""emergency"":""fire_hydrant"",""fire_hydrant:position"":""sidewalk"",""fire_hydrant:type"":""pillar""}"
11816744383,node,41.9253936,-87.6777648,fire_hydrant,pillar,,,,,,,,,,,,,,sidewalk,,,,,2024-04-14T15:07:42Z,3,149996602,Lucas Brandt,17561309,"{""emergency"":""fire_hydrant"",""fire_hydrant:position"":""sidewalk"",""fire_hydrant:type"":""pillar""}"
11816750648,node,41.9339876,-87.6780916,fire_hydrant,pillar,,,,,,,,,,,,,,,,,,,2024-04-14T15:11:06Z,2,149996600,Lucas Brandt,17561309,"{""emergency"":""fire_hydrant"",""fire_hydrant:type"":""pillar""}"
11817024684,node,41.8909757,-87.6768226,fire_hydrant,pillar,,,,,,,,,,,,,,sidewalk,,,,,2024-04-14T18:03:26Z,3,150004380,Lucas Brandt,17561309,"{""emergency"":""fire_hydrant"",""fire_hydrant:position"":""sidewalk"",""fire_hydrant:type"":""pillar""}"
11826411065,node,41.9033888,-87.6693312,fire_hydrant,pillar,,,,,,,,,,,,,,sidewalk,,,,,2024-04-17T23:24:57Z,3,150151143,Lucas Brandt,17561309,"{""emergency"":""fire_hydrant"",""fire_hydrant:position"":""sidewalk"",""fire_hydrant:type"":""pillar""}"
11826416511,node,41.9031085,-87.6736474,fire_hydrant,pillar,,,,,,,,,,,,,,sidewalk,,,,,2024-04-17T23:28:45Z,3,150151143,Lucas Brandt,17561309,"{""emergency"":""fire_hydrant"",""fire_hydrant:position"":""sidewalk"",""fire_hydrant:type"":""pillar""}"
11826445217,node,41.9031468,-87.6712252,fire_hydrant,pillar,,,,,,,,,,,,,,sidewalk,,,,,2024-04-17T23:26:39Z,3,150151143,Lucas Brandt,17561309,"{""emergency"":""fire_hydrant"",""fire_hydrant:position"":""sidewalk"",""fire_hydrant:type"":""pillar""}"
11826445425,node,41.9034332,-87.6682017,fire_hydrant,pillar,,,,,,,,,,,,,,green,,,,,2024-04-17T23:23:55Z,3,150151143,Lucas Brandt,17561309,"{""emergency"":""fire_hydrant"",""fire_hydrant:position"":""green"",""fire_hydrant:type"":""pillar""}"
11826456019,node,41.90313,-87.6724516,fire_hydrant,pillar,,,,,,,,,,,,,,sidewalk,,,,,2024-04-17T23:27:49Z,3,150151143,Lucas Brandt,17561309,"{""emergency"":""fire_hydrant"",""fire_hydrant:position"":""sidewalk"",""fire_hydrant:type"":""pillar""}"
11831930529,node,41.9033281,-87.6729869,fire_hydrant,pillar,,,,,,,,,,,,,,sidewalk,,,,,2024-04-20T00:03:46Z,3,150244133,Lucas Brandt,17561309,"{""emergency"":""fire_hydrant"",""fire_hydrant:position"":""sidewalk"",""fire_hydrant:type"":""pillar""}"
11842467583,node,41.8664524,-87.7791489,fire_hydrant,pillar,,,,,,,,,,,,,,green,,,,,2024-04-23T22:38:57Z,3,150417865,Lucas Brandt,17561309,"{""emergency"":""fire_hydrant"",""fire_hydrant:position"":""green"",""fire_hydrant:type"":""pillar""}"
11842467584,node,41.8598644,-87.7788494,fire_hydrant,pillar,,,,,,,,,,,,,,green,,,,,2024-04-23T22:48:53Z,3,150417865,Lucas Brandt,17561309,"{""emergency"":""fire_hydrant"",""fire_hydrant:position"":""green"",""fire_hydrant:type"":""pillar""}"
11842476227,node,41.8681806,-87.7792039,fire_hydrant,pillar,,,,,,,,,,,,,,green,,,,,2024-04-23T22:36:32Z,3,150417865,Lucas Brandt,17561309,"{""emergency"":""fire_hydrant"",""fire_hydrant:position"":""green"",""fire_hydrant:type"":""pillar""}"
11842477466,node,41.8618416,-87.7789881,fire_hydrant,pillar,,,,,,,,,,,,,,green,,,,,2024-04-23T22:46:14Z,3,150417865,Lucas Brandt,17561309,"{""emergency"":""fire_hydrant"",""fire_hydrant:position"":""green"",""fire_hydrant:type"":""pillar""}"
11842478541,node,41.8617785,-87.7790909,fire_hydrant,pillar,,,,,,,,,,,,,,green,,,,,2024-04-23T22:46:15Z,3,150417865,Lucas Brandt,17561309,"{""emergency"":""fire_hydrant"",""fire_hydrant:position"":""green"",""fire_hydrant:type"":""pillar""}"
11842485702,node,41.8635331,-87.7789558,fire_hydrant,pillar,,,,,,,,,,,,,,green,,,,,2024-04-23T22:42:12Z,4,150417865,Lucas Brandt,17561309,"{""emergency"":""fire_hydrant"",""fire_hydrant:position"":""green"",""fire_hydrant:type"":""pillar""}"
11842491240,node,41.8609217,-87.7789699,fire_hydrant,pillar,,,,,,,,,,,,,,green,,,,,2024-04-23T22:47:05Z,3,150417865,Lucas Brandt,17561309,"{""emergency"":""fire_hydrant"",""fire_hydrant:position"":""green"",""fire_hydrant:type"":""pillar""}"
11842494555,node,41.8616815,-87.7789125,fire_hydrant,pillar,,,,,,,,,,,,,,green,,,,,2024-04-23T22:46:17Z,3,150417865,Lucas Brandt,17561309,"{""emergency"":""fire_hydrant"",""fire_hydrant:position"":""green"",""fire_hydrant:type"":""pillar""}"
11842496471,node,41.8636108,-87.7790532,fire_hydrant,pillar,,,,,,,,,,,,,,green,,,,,2024-04-23T22:43:26Z,3,150417865,Lucas Brandt,17561309,"{""emergency"":""fire_hydrant"",""fire_hydrant:position"":""green"",""fire_hydrant:type"":""pillar""}"
11897553780,node,41.8108063,-87.869393,fire_hydrant,pillar,,,yellow,,,,,,,,,,,green,,,,,2024-05-11T22:05:43Z,1,151204314,Tex2002ans,21307313,"{""colour"":""yellow"",""emergency"":""fire_hydrant"",""fire_hydrant:position"":""green"",""fire_hydrant:type"":""pillar""}"
11899588224,node,41.8991688,-87.6235424,fire_hydrant,,,,,,,,,,,,,,,,,,,,2024-05-13T02:40:05Z,2,151247257,nickvet419,18480,"{""emergency"":""fire_hydrant""}"
11909980641,node,41.804301,-87.5917748,fire_hydrant,pillar,,,,,,,,,,,,,,green,,,,,2024-05-16T14:01:38Z,3,151410188,OSMWeekly,8610118,"{""emergency"":""fire_hydrant"",""fire_hydrant:position"":""green"",""fire_hydrant:type"":""pillar""}"
11916541125,node,41.7957728,-87.598011,fire_hydrant,pillar,,,,,,,,,,,,,,green,,,,,2024-05-18T20:33:21Z,3,151511229,OSMWeekly,8610118,"{""emergency"":""fire_hydrant"",""fire_hydrant:position"":""green"",""fire_hydrant:type"":""pillar""}"
11916551358,node,41.9483755,-87.8668103,fire_hydrant,,,,#ff0000,,,,,,,,,,,,,,,,2024-05-18T20:44:32Z,1,151511517,rain69,21225668,"{""colour"":""#ff0000"",""emergency"":""fire_hydrant""}"
11919024082,node,41.8821851,-87.6413184,fire_hydrant,,,,,,,,,,,,,,,,,,,,2024-05-20T03:26:10Z,1,151558346,ion_chi,13257641,"{""emergency"":""fire_hydrant""}"
11940748177,node,41.8995509,-87.6675074,fire_hydrant,pillar,,,,,,,,,,,,,,sidewalk,,,,,2024-05-28T23:31:43Z,3,151966501,Lucas Brandt,17561309,"{""emergency"":""fire_hydrant"",""fire_hydrant:position"":""sidewalk"",""fire_hydrant:type"":""pillar""}"
11951228326,node,41.8214379,-87.7754924,fire_hydrant,pillar,,,yellow,,,,,,,,,,,,,,,,2024-06-02T03:36:58Z,1,152143654,Tex2002ans,21307313,"{""colour"":""yellow"",""emergency"":""fire_hydrant"",""fire_hydrant:type"":""pillar""}"
11951230686,node,41.8219299,-87.7644026,fire_hydrant,pillar,,,red,,,,,,,,,,,,,,,,2024-06-02T03:36:58Z,1,152143654,Tex2002ans,21307313,"{""colour"":""red"",""emergency"":""fire_hydrant"",""fire_hydrant:type"":""pillar""}"
11951230687,node,41.8219065,-87.765619,fire_hydrant,pillar,,,red,,,,,,,,,,,,,,,,2024-06-02T03:36:58Z,1,152143654,Tex2002ans,21307313,"{""colour"":""red"",""emergency"":""fire_hydrant"",""fire_hydrant:type"":""pillar""}"
11951230688,node,41.8218975,-87.7668479,fire_hydrant,pillar,,,red,,,,,,,,,,,,,,,,2024-06-02T03:36:58Z,1,152143654,Tex2002ans,21307313,"{""colour"":""red"",""emergency"":""fire_hydrant"",""fire_hydrant:type"":""pillar""}"
11951230689,node,41.8218761,-87.7680731,fire_hydrant,pillar,,,red,,,,,,,,,,,,,,,,2024-06-02T03:36:58Z,1,152143654,Tex2002ans,21307313,"{""colour"":""red"",""emergency"":""fire_hydrant"",""fire_hydrant:type"":""pillar""}"
11951230690,node,41.8218735,-87.7692926,fire_hydrant,pillar,,,red,,,,,,,,,,,,,,,,2024-06-02T03:36:58Z,1,152143654,Tex2002ans,21307313,"{""colour"":""red"",""emergency"":""fire_hydrant"",""fire_hydrant:type"":""pillar""}"
11951230691,node,41.8218354,-87.7705232,fire_hydrant,pillar,,,red,,,,,,,,,,,,,,,,2024-06-02T03:36:58Z,1,152143654,Tex2002ans,21307313,"{""colour"":""red"",""emergency"":""fire_hydrant"",""fire_hydrant:type"":""pillar""}"
11951230692,node,41.8218343,-87.7717453,fire_hydrant,pillar,,,red,,,,,,,,,,,,,,,,2024-06-02T03:36:58Z,1,152143654,Tex2002ans,21307313,"{""colour"":""red"",""emergency"":""fire_hydrant"",""fire_hydrant:type"":""pillar""}"
11951230693,node,41.8217604,-87.7729854,fire_hydrant,pillar,,,red,,,,,,,,,,,,,,,,2024-06-02T03:36:58Z,1,152143654,Tex2002ans,21307313,"{""colour"":""red"",""emergency"":""fire_hydrant"",""fire_hydrant:type"":""pillar""}"
11951230694,node,41.8217023,-87.7739652,fire_hydrant,pillar,,,red,,,,,,,,,,,,,,,,2024-06-02T03:36:58Z,1,152143654,Tex2002ans,21307313,"{""colour"":""red"",""emergency"":""fire_hydrant"",""fire_hydrant:type"":""pillar""}"
11951230695,node,41.8217249,-87.7754107,fire_hydrant,pillar,,,red,,,,,,,,,,,,,,,,2024-06-02T03:36:58Z,1,152143654,Tex2002ans,21307313,"{""colour"":""red"",""emergency"":""fire_hydrant"",""fire_hydrant:type"":""pillar""}"
11951230700,node,41.8217126,-87.7766455,fire_hydrant,pillar,,,red,,,,,,,,,,,,,,,,2024-06-02T03:36:58Z,1,152143654,Tex2002ans,21307313,"{""colour"":""red"",""emergency"":""fire_hydrant"",""fire_hydrant:type"":""pillar""}"
11951230705,node,41.8216872,-87.7778669,fire_hydrant,pillar,,,red,,,,,,,,,,,,,,,,2024-06-02T03:36:58Z,1,152143654,Tex2002ans,21307313,"{""colour"":""red"",""emergency"":""fire_hydrant"",""fire_hydrant:type"":""pillar""}"
11951230706,node,41.8216943,-87.7777213,fire_hydrant,pillar,,,red,,,,,,,,,,,,,,,,2024-06-02T03:36:58Z,1,152143654,Tex2002ans,21307313,"{""colour"":""red"",""emergency"":""fire_hydrant"",""fire_hydrant:type"":""pillar""}"
11951230715,node,41.8216706,-87.7790791,fire_hydrant,pillar,,,red,,,,,,,,,,,,,,,,2024-06-02T03:36:58Z,1,152143654,Tex2002ans,21307313,"{""colour"":""red"",""emergency"":""fire_hydrant"",""fire_hydrant:type"":""pillar""}"
11951230716,node,41.8216569,-87.7803144,fire_hydrant,pillar,,,red,,,,,,,,,,,,,,,,2024-06-02T03:36:58Z,1,152143654,Tex2002ans,21307313,"{""colour"":""red"",""emergency"":""fire_hydrant"",""fire_hydrant:type"":""pillar""}"
11951230717,node,41.8216473,-87.781534,fire_hydrant,pillar,,,red,,,,,,,,,,,,,,,,2024-06-02T03:36:58Z,1,152143654,Tex2002ans,21307313,"{""colour"":""red"",""emergency"":""fire_hydrant"",""fire_hydrant:type"":""pillar""}"
11951230718,node,41.8216343,-87.7827741,fire_hydrant,pillar,,,red,,,,,,,,,,,,,,,,2024-06-02T03:36:58Z,1,152143654,Tex2002ans,21307313,"{""colour"":""red"",""emergency"":""fire_hydrant"",""fire_hydrant:type"":""pillar""}"
11951230719,node,41.8213381,-87.7825336,fire_hydrant,pillar,,,aqua,,,,,,,,,,,,,,,,2024-06-02T03:36:58Z,1,152143654,Tex2002ans,21307313,"{""colour"":""aqua"",""emergency"":""fire_hydrant"",""fire_hydrant:type"":""pillar""}"
11951230720,node,41.8211559,-87.7823836,fire_hydrant,pillar,,,aqua,,,,,,,,,,,,,,,,2024-06-02T03:36:58Z,1,152143654,Tex2002ans,21307313,"{""colour"":""aqua"",""emergency"":""fire_hydrant"",""fire_hydrant:type"":""pillar""}"
11951230721,node,41.8215658,-87.7852086,fire_hydrant,pillar,,,red,,,,,,,,,,,,,,,,2024-06-02T03:36:58Z,1,152143654,Tex2002ans,21307313,"{""colour"":""red"",""emergency"":""fire_hydrant"",""fire_hydrant:type"":""pillar""}"
11951230722,node,41.8215437,-87.786449,fire_hydrant,pillar,,,red,,,,,,,,,,,,,,,,2024-06-02T03:36:58Z,1,152143654,Tex2002ans,21307313,"{""colour"":""red"",""emergency"":""fire_hydrant"",""fire_hydrant:type"":""pillar""}"
11951230723,node,41.8215446,-87.7876692,fire_hydrant,pillar,,,red,,,,,,,,,,,,,,,,2024-06-02T03:36:58Z,1,152143654,Tex2002ans,21307313,"{""colour"":""red"",""emergency"":""fire_hydrant"",""fire_hydrant:type"":""pillar""}"
11951230724,node,41.8215096,-87.7888316,fire_hydrant,pillar,,,red,,,,,,,,,,,,,,,,2024-06-02T03:36:58Z,1,152143654,Tex2002ans,21307313,"{""colour"":""red"",""emergency"":""fire_hydrant"",""fire_hydrant:type"":""pillar""}"
11951230733,node,41.8214996,-87.7899217,fire_hydrant,pillar,,,red,,,,,,,,,,,,,,,,2024-06-02T03:36:58Z,1,152143654,Tex2002ans,21307313,"{""colour"":""red"",""emergency"":""fire_hydrant"",""fire_hydrant:type"":""pillar""}"
11951230734,node,41.8214772,-87.7912855,fire_hydrant,pillar,,,red,,,,,,,,,,,,,,,,2024-06-02T03:36:58Z,1,152143654,Tex2002ans,21307313,"{""colour"":""red"",""emergency"":""fire_hydrant"",""fire_hydrant:type"":""pillar""}"
11951230735,node,41.821454,-87.7925545,fire_hydrant,pillar,,,red,,,,,,,,,,,,,,,,2024-06-02T03:36:58Z,1,152143654,Tex2002ans,21307313,"{""colour"":""red"",""emergency"":""fire_hydrant"",""fire_hydrant:type"":""pillar""}"
11951230736,node,41.8214368,-87.793734,fire_hydrant,pillar,,,red,,,,,,,,,,,,,,,,2024-06-02T03:36:58Z,1,152143654,Tex2002ans,21307313,"{""colour"":""red"",""emergency"":""fire_hydrant"",""fire_hydrant:type"":""pillar""}"
11951230745,node,41.8214132,-87.7949452,fire_hydrant,pillar,,,red,,,,,,,,,,,,,,,,2024-06-02T03:36:58Z,1,152143654,Tex2002ans,21307313,"{""colour"":""red"",""emergency"":""fire_hydrant"",""fire_hydrant:type"":""pillar""}"
11951230746,node,41.8213965,-87.7961665,fire_hydrant,pillar,,,red,,,,,,,,,,,,,,,,2024-06-02T03:36:58Z,1,152143654,Tex2002ans,21307313,"{""colour"":""red"",""emergency"":""fire_hydrant"",""fire_hydrant:type"":""pillar""}"
11951230747,node,41.8213855,-87.7974057,fire_hydrant,pillar,,,red,,,,,,,,,,,,,,,,2024-06-02T03:36:58Z,1,152143654,Tex2002ans,21307313,"{""colour"":""red"",""emergency"":""fire_hydrant"",""fire_hydrant:type"":""pillar""}"
11951230748,node,41.8213555,-87.7987007,fire_hydrant,pillar,,,red,,,,,,,,,,,,,,,,2024-06-02T03:36:58Z,1,152143654,Tex2002ans,21307313,"{""colour"":""red"",""emergency"":""fire_hydrant"",""fire_hydrant:type"":""pillar""}"
11951230749,node,41.8213315,-87.8000066,fire_hydrant,pillar,,,red,,,,,,,,,,,,,,,,2024-06-02T03:36:58Z,1,152143654,Tex2002ans,21307313,"{""colour"":""red"",""emergency"":""fire_hydrant"",""fire_hydrant:type"":""pillar""}"
11951230750,node,41.821309,-87.8013441,fire_hydrant,pillar,,,red,,,,,,,,,,,,,,,,2024-06-02T03:36:58Z,1,152143654,Tex2002ans,21307313,"{""colour"":""red"",""emergency"":""fire_hydrant"",""fire_hydrant:type"":""pillar""}"
11951230751,node,41.821061,-87.8015863,fire_hydrant,pillar,,,aqua,,,,,,,,,,,,,,,,2024-06-02T03:36:58Z,1,152143654,Tex2002ans,21307313,"{""colour"":""aqua"",""emergency"":""fire_hydrant"",""fire_hydrant:type"":""pillar""}"
11951230752,node,41.8212818,-87.8024098,fire_hydrant,pillar,,,red,,,,,,,,,,,,,,,,2024-06-02T03:36:58Z,1,152143654,Tex2002ans,21307313,"{""colour"":""red"",""emergency"":""fire_hydrant"",""fire_hydrant:type"":""pillar""}"
11951230753,node,41.8212829,-87.8028784,fire_hydrant,pillar,,,red,,,,,,,,,,,,,,,,2024-06-02T03:36:58Z,1,152143654,Tex2002ans,21307313,"{""colour"":""red"",""emergency"":""fire_hydrant"",""fire_hydrant:type"":""pillar""}"
11951230754,node,41.8212638,-87.8038488,fire_hydrant,pillar,,,red,,,,,,,,,,,,,,,,2024-06-02T03:36:58Z,1,152143654,Tex2002ans,21307313,"{""colour"":""red"",""emergency"":""fire_hydrant"",""fire_hydrant:type"":""pillar""}"
11951230755,node,41.8213349,-87.8047936,fire_hydrant,pillar,,,red,,,,,,,,,,,,,,,,2024-06-02T03:36:58Z,1,152143654,Tex2002ans,21307313,"{""colour"":""red"",""emergency"":""fire_hydrant"",""fire_hydrant:type"":""pillar""}"
11951230756,node,41.8212554,-87.8056454,fire_hydrant,pillar,,,red,,,,,,,,,,,,,,,,2024-06-02T03:36:58Z,1,152143654,Tex2002ans,21307313,"{""colour"":""red"",""emergency"":""fire_hydrant"",""fire_hydrant:type"":""pillar""}"
11951230757,node,41.8212472,-87.8069012,fire_hydrant,pillar,,,red,,,,,,,,,,,,,,,,2024-06-02T03:36:58Z,1,152143654,Tex2002ans,21307313,"{""colour"":""red"",""emergency"":""fire_hydrant"",""fire_hydrant:type"":""pillar""}"
11974048920,node,41.9032272,-87.6798463,fire_hydrant,pillar,,,red,,,,,,,,,,,sidewalk,,,,,2024-07-04T13:48:26Z,2,153548941,Lucas Brandt,17561309,"{""colour"":""red"",""emergency"":""fire_hydrant"",""fire_hydrant:position"":""sidewalk"",""fire_hydrant:type"":""pillar""}"
11974048922,node,41.9041807,-87.6797959,fire_hydrant,pillar,,,red,,,,,,,,,,,green,,,,,2024-06-23T14:16:34Z,2,153069688,Lucas Brandt,17561309,"{""colour"":""red"",""emergency"":""fire_hydrant"",""fire_hydrant:position"":""green"",""fire_hydrant:type"":""pillar""}"
11974048923,node,41.9050574,-87.6798293,fire_hydrant,pillar,,,red,,,,,,,,,,,green,,,,,2024-06-23T14:06:55Z,2,153069688,Lucas Brandt,17561309,"{""colour"":""red"",""emergency"":""fire_hydrant"",""fire_hydrant:position"":""green"",""fire_hydrant:type"":""pillar""}"
11974048925,node,41.9058734,-87.679839,fire_hydrant,pillar,,,red,,,,,,,,,,,green,,,,,2024-06-28T11:56:22Z,2,153289978,Lucas Brandt,17561309,"{""colour"":""red"",""emergency"":""fire_hydrant"",""fire_hydrant:position"":""green"",""fire_hydrant:type"":""pillar""}"
11974048927,node,41.9070019,-87.6798776,fire_hydrant,pillar,,,red,,,,,,,,,,,green,,,,,2024-06-28T11:53:10Z,2,153289978,Lucas Brandt,17561309,"{""colour"":""red"",""emergency"":""fire_hydrant"",""fire_hydrant:position"":""green"",""fire_hydrant:type"":""pillar""}"
11974048929,node,41.9082646,-87.67999,fire_hydrant,pillar,,,red,,,,,,,,,,,green,,,,,2024-09-10T12:54:27Z,2,156439186,Lucas Brandt,17561309,"{""colour"":""red"",""emergency"":""fire_hydrant"",""fire_hydrant:position"":""green"",""fire_hydrant:type"":""pillar""}"
11974048931,node,41.9094363,-87.679952,fire_hydrant,pillar,,,red,,,,,,,,,,,,,,,,2024-06-11T22:36:15Z,1,152563645,Tex2002ans,21307313,"{""colour"":""red"",""emergency"":""fire_hydrant"",""fire_hydrant:type"":""pillar""}"
11974048933,node,41.9103435,-87.6799443,fire_hydrant,pillar,,,red,,,,,,,,,,,,,,,,2024-06-11T22:36:15Z,1,152563645,Tex2002ans,21307313,"{""colour"":""red"",""emergency"":""fire_hydrant"",""fire_hydrant:type"":""pillar""}"
11974048936,node,41.909285,-87.6775291,fire_hydrant,pillar,,,red,,,,,,,,,,,sidewalk,,,,,2024-06-13T02:50:43Z,2,152610957,Lucas Brandt,17561309,"{""colour"":""red"",""emergency"":""fire_hydrant"",""fire_hydrant:position"":""sidewalk"",""fire_hydrant:type"":""pillar""}"
11974048946,node,41.9072476,-87.6749492,fire_hydrant,pillar,,,red,,,,,,,,,,,green,,,,,2024-10-23T12:43:29Z,2,158251604,Lucas Brandt,17561309,"{""colour"":""red"",""emergency"":""fire_hydrant"",""fire_hydrant:position"":""green"",""fire_hydrant:type"":""pillar""}"
11974048949,node,41.907303,-87.6745444,fire_hydrant,pillar,,,red,,,,,,,,,,,sidewalk,,,,,2024-09-12T11:48:13Z,2,156524491,Lucas Brandt,17561309,"{""colour"":""red"",""emergency"":""fire_hydrant"",""fire_hydrant:position"":""sidewalk"",""fire_hydrant:type"":""pillar""}"
11974048950,node,41.9066452,-87.6753026,fire_hydrant,pillar,,,red,,,,,,,,,,,,,,,,2024-06-11T22:36:15Z,1,152563645,Tex2002ans,21307313,"{""colour"":""red"",""emergency"":""fire_hydrant"",""fire_hydrant:type"":""pillar""}"
11974048951,node,41.9060831,-87.6759986,fire_hydrant,pillar,,,red,,,,,,,,,,,,,,,,2024-06-11T22:36:15Z,1,152563645,Tex2002ans,21307313,"{""colour"":""red"",""emergency"":""fire_hydrant"",""fire_hydrant:type"":""pillar""}"
11974048952,node,41.9050604,-87.6774576,fire_hydrant,pillar,,,red,,,,,,,,,,,green,,,,,2024-06-13T02:51:26Z,2,152610957,Lucas Brandt,17561309,"{""colour"":""red"",""emergency"":""fire_hydrant"",""fire_hydrant:position"":""green"",""fire_hydrant:type"":""pillar""}"
11974048953,node,41.9050326,-87.6786041,fire_hydrant,pillar,,,red,,,,,,,,,,,green,,,,,2024-06-28T12:01:44Z,2,153289978,Lucas Brandt,17561309,"{""colour"":""red"",""emergency"":""fire_hydrant"",""fire_hydrant:position"":""green"",""fire_hydrant:type"":""pillar""}"
11974048956,node,41.9050238,-87.6822633,fire_hydrant,pillar,,,red,,,,,,,,,,,green,,,,,2024-06-23T14:10:27Z,2,153069688,Lucas Brandt,17561309,"{""colour"":""red"",""emergency"":""fire_hydrant"",""fire_hydrant:position"":""green"",""fire_hydrant:type"":""pillar""}"
11974048958,node,41.9050113,-87.6834822,fire_hydrant,pillar,,,red,,,,,,,,,,,,,,,,2024-06-11T22:36:15Z,1,152563645,Tex2002ans,21307313,"{""colour"":""red"",""emergency"":""fire_hydrant"",""fire_hydrant:type"":""pillar""}"
11974112369,node,41.9047847,-87.6847089,fire_hydrant,pillar,,,red,,,,,,,,,,,,,,,,2024-06-11T22:36:15Z,1,152563645,Tex2002ans,21307313,"{""colour"":""red"",""emergency"":""fire_hydrant"",""fire_hydrant:type"":""pillar""}"
11974112370,node,41.9031438,-87.6847245,fire_hydrant,pillar,,,red,,,,,,,,,,,green,,,,,2024-07-20T23:40:32Z,2,154199347,Lucas Brandt,17561309,"{""colour"":""red"",""emergency"":""fire_hydrant"",""fire_hydrant:position"":""green"",""fire_hydrant:type"":""pillar""}"
11997842207,node,41.8735043,-87.639331,fire_hydrant,pillar,,,,,,,,,,,,,,sidewalk,,,,,2024-06-20T21:14:55Z,3,152966917,Lucas Brandt,17561309,"{""emergency"":""fire_hydrant"",""fire_hydrant:position"":""sidewalk"",""fire_hydrant:type"":""pillar""}"
12033460236,node,41.9022658,-87.6795498,fire_hydrant,pillar,,,,,,,,,,,,,,green,,,,,2024-07-04T13:47:26Z,3,153548941,Lucas Brandt,17561309,"{""emergency"":""fire_hydrant"",""fire_hydrant:position"":""green"",""fire_hydrant:type"":""pillar""}"
12033485979,node,41.9013823,-87.6795012,fire_hydrant,pillar,,,,,,,,,,,,,,green,,,,,2024-07-04T13:43:28Z,3,153548941,Lucas Brandt,17561309,"{""emergency"":""fire_hydrant"",""fire_hydrant:position"":""green"",""fire_hydrant:type"":""pillar""}"
12033493400,node,41.9013903,-87.6784809,fire_hydrant,pillar,,,,,,,,,,,,,,green,,,,,2024-07-04T13:41:52Z,3,153548941,Lucas Brandt,17561309,"{""emergency"":""fire_hydrant"",""fire_hydrant:position"":""green"",""fire_hydrant:type"":""pillar""}"
12033526970,node,41.9033308,-87.6773467,fire_hydrant,pillar,,,,,,,,,,,,,,sidewalk,,,,,2024-07-04T13:54:34Z,3,153548941,Lucas Brandt,17561309,"{""emergency"":""fire_hydrant"",""fire_hydrant:position"":""sidewalk"",""fire_hydrant:type"":""pillar""}"
12053720800,node,41.9441938,-87.6713006,fire_hydrant,,,,,,,,,,,,,,,,,,,,2024-07-14T19:28:56Z,1,153944650,kzbssehb,8445229,"{""emergency"":""fire_hydrant""}"
12056312573,node,41.8756181,-87.6245705,fire_hydrant,pillar,,,,,,,,,,,,,,sidewalk,,,,,2024-07-27T03:07:03Z,3,154466530,alex846,16690856,"{""emergency"":""fire_hydrant"",""fire_hydrant:position"":""sidewalk"",""fire_hydrant:type"":""pillar""}"
12087749838,node,41.7821612,-87.7422194,fire_hydrant,pillar,,,,,,,,,,,,,,sidewalk,,,,,2024-08-01T19:08:18Z,3,154707772,OSMWeekly,8610118,"{""emergency"":""fire_hydrant"",""fire_hydrant:position"":""sidewalk"",""fire_hydrant:type"":""pillar""}"
12092665562,node,41.9001765,-87.9443913,fire_hydrant,,,,,,,,,,,,,,,,,,,,2024-08-05T00:06:13Z,1,154833003,UrbanUnPlanner,14692283,"{""emergency"":""fire_hydrant""}"
12104191242,node,41.8987368,-87.7460647,fire_hydrant,pillar,,,,,,,,,,,,,,green,,,,,2024-08-11T12:34:34Z,3,155100403,Lucas Brandt,17561309,"{""emergency"":""fire_hydrant"",""fire_hydrant:position"":""green"",""fire_hydrant:type"":""pillar""}"
12106338067,node,41.8777831,-87.6532507,fire_hydrant,,,,,,,,,,,,,,,,,,,,2025-04-24T18:50:30Z,2,165394204,ion_chi,13257641,"{""emergency"":""fire_hydrant""}"
12134869702,node,41.8468042,-87.6476113,fire_hydrant,pillar,,,,,,,,,,,,,,,,,,,2024-08-25T00:25:06Z,1,155717707,ion_chi,13257641,"{""emergency"":""fire_hydrant"",""fire_hydrant:type"":""pillar""}"
12143176297,node,41.9771945,-87.8364163,fire_hydrant,,,,,,,,,,,,,,,,,,,,2024-08-28T22:33:41Z,1,155903309,Zol87,1237170,"{""emergency"":""fire_hydrant""}"
12148028439,node,41.880686,-87.627307,fire_hydrant,wall,,,,,,,,,,,,,,,,,,,2024-08-31T16:45:15Z,2,156023970,diamondarmorsteve,15981404,"{""emergency"":""fire_hydrant"",""fire_hydrant:type"":""wall""}"
12170602285,node,41.8779078,-87.6546542,fire_hydrant,,,,,,,,,,,,,,,,,,,,2024-09-11T19:55:13Z,1,156501078,ion_chi,13257641,"{""emergency"":""fire_hydrant""}"
12219309700,node,41.9701301,-87.6514124,fire_hydrant,,,,,,,,,,,,,,,,,,,,2024-10-03T20:00:16Z,1,157435050,Delocuro,7130175,"{""emergency"":""fire_hydrant""}"
12219356649,node,41.97015,-87.6500922,fire_hydrant,,,,,,,,,,,,,,,,,,,,2024-10-03T20:00:16Z,1,157435050,Delocuro,7130175,"{""emergency"":""fire_hydrant""}"
12231889139,node,41.8023559,-87.6034848,fire_hydrant,pillar,,,,,,,,,,,,,,sidewalk,,,,,2024-11-07T15:35:21Z,3,158860992,OSMWeekly,8610118,"{""emergency"":""fire_hydrant"",""fire_hydrant:position"":""sidewalk"",""fire_hydrant:type"":""pillar""}"
12231892655,node,41.8022107,-87.6179308,fire_hydrant,pillar,,,,,,,,,,,,,,sidewalk,,,,,2024-10-07T14:29:10Z,3,157585039,OSMWeekly,8610118,"{""emergency"":""fire_hydrant"",""fire_hydrant:position"":""sidewalk"",""fire_hydrant:type"":""pillar""}"
12316534814,node,41.886983,-87.7815056,fire_hydrant,,,,,,,,,,,,,,,,,,,,2024-11-06T01:14:25Z,1,158800218,UrbanUnPlanner,14692283,"{""emergency"":""fire_hydrant""}"
12327636789,node,41.9467753,-87.6737337,fire_hydrant,,,,,,,,,,,,,,,,,,,,2024-11-09T22:34:04Z,1,158950986,UrbanUnPlanner,14692283,"{""emergency"":""fire_hydrant""}"
12327636796,node,41.9474888,-87.674012,fire_hydrant,,,,,,,,,,,,,,,,,,,,2024-11-09T22:34:04Z,1,158950986,UrbanUnPlanner,14692283,"{""emergency"":""fire_hydrant""}"
12327637170,node,41.9415049,-87.6740733,fire_hydrant,,,,,,,,,,,,,,,,,,,,2024-11-09T22:34:04Z,1,158950986,UrbanUnPlanner,14692283,"{""emergency"":""fire_hydrant""}"
12327637228,node,41.9404909,-87.6739906,fire_hydrant,,,,,,,,,,,,,,,,,,,,2024-11-09T22:34:04Z,1,158950986,UrbanUnPlanner,14692283,"{""emergency"":""fire_hydrant""}"
12327637242,node,41.9395165,-87.6742534,fire_hydrant,,,,,,,,,,,,,,,,,,,,2024-11-09T22:34:04Z,1,158950986,UrbanUnPlanner,14692283,"{""emergency"":""fire_hydrant""}"
12327637332,node,41.9396711,-87.6808531,fire_hydrant,,,,,,,,,,,,,,,,,,,,2024-11-09T22:34:04Z,1,158950986,UrbanUnPlanner,14692283,"{""emergency"":""fire_hydrant""}"
12327637386,node,41.9405314,-87.6712448,fire_hydrant,,,,,,,,,,,,,,,,,,,,2024-11-09T22:34:04Z,1,158950986,UrbanUnPlanner,14692283,"{""emergency"":""fire_hydrant""}"
12327637432,node,41.938854,-87.6711524,fire_hydrant,,,,,,,,,,,,,,,,,,,,2024-11-09T22:34:04Z,1,158950986,UrbanUnPlanner,14692283,"{""emergency"":""fire_hydrant""}"
12459185546,node,41.8229775,-87.8448109,fire_hydrant,,,,,,,,,,,,,,,,,,,,2024-12-28T16:43:03Z,1,160721310,anon20220211,15065494,"{""emergency"":""fire_hydrant""}"
12508264498,node,41.8891905,-87.8440679,fire_hydrant,,,,,,,,,,,,,,,,,,,,2025-01-16T23:35:37Z,1,161437533,UrbanUnPlanner,14692283,"{""emergency"":""fire_hydrant""}"
12508267955,node,41.8879459,-87.8415767,fire_hydrant,,,,,,,,,,,,,,,,,,,,2025-01-16T23:35:37Z,1,161437533,UrbanUnPlanner,14692283,"{""emergency"":""fire_hydrant""}"
12508268010,node,41.889165,-87.8391776,fire_hydrant,,,,,,,,,,,,,,,,,,,,2025-01-16T23:35:37Z,1,161437533,UrbanUnPlanner,14692283,"{""emergency"":""fire_hydrant""}"
12508268033,node,41.8877087,-87.834235,fire_hydrant,,,,,,,,,,,,,,,,,,,,2025-01-16T23:35:37Z,1,161437533,UrbanUnPlanner,14692283,"{""emergency"":""fire_hydrant""}"
12556806427,node,41.8809162,-87.7012512,fire_hydrant,,,,,,,,,,,,,,,,,,,,2025-02-04T16:14:43Z,1,162132579,OSMWeekly,8610118,"{""emergency"":""fire_hydrant""}"
12637522901,node,41.8714741,-87.6285645,fire_hydrant,pillar,,,,,,,,,,,,,,green,,,,,2025-03-05T00:28:47Z,3,163224125,wrennifer,5007182,"{""emergency"":""fire_hydrant"",""fire_hydrant:position"":""green"",""fire_hydrant:type"":""pillar""}"
12638765941,node,41.8794799,-87.6353419,fire_hydrant,pipe,,,,,,,,,,,,,,,,,,,2025-03-05T15:41:33Z,2,163249859,wrennifer,5007182,"{""emergency"":""fire_hydrant"",""fire_hydrant:type"":""pipe""}"
12639048364,node,41.8803605,-87.6353574,fire_hydrant,pipe,,,,,,,,,,,,,,,,,,,2025-03-05T17:50:20Z,2,163254440,wrennifer,5007182,"{""emergency"":""fire_hydrant"",""fire_hydrant:type"":""pipe""}"
12639075421,node,41.8793252,-87.6344118,fire_hydrant,pipe,,,,,,,,,,,,,,,,,,,2025-03-05T18:02:08Z,2,163254440,wrennifer,5007182,"{""emergency"":""fire_hydrant"",""fire_hydrant:type"":""pipe""}"
12639086571,node,41.8793287,-87.6339553,fire_hydrant,pipe,,,,,,,,,,,,,,,,,,,2025-03-05T18:02:12Z,2,163254440,wrennifer,5007182,"{""emergency"":""fire_hydrant"",""fire_hydrant:type"":""pipe""}"
12648438660,node,41.8855761,-87.6294101,fire_hydrant,pillar,,,,,,,,,,,,,,sidewalk,,,,,2025-05-12T16:58:10Z,3,166162603,wrennifer,5007182,"{""emergency"":""fire_hydrant"",""fire_hydrant:position"":""sidewalk"",""fire_hydrant:type"":""pillar""}"
12655895313,node,42.003958,-87.7813365,fire_hydrant,,,,,,,,,,,,,,,,,,,,2025-03-12T11:24:03Z,1,163523103,nickvet419,18480,"{""emergency"":""fire_hydrant""}"
12655945258,node,42.0118895,-87.7808833,fire_hydrant,,,,,,,,,,,,,,,,,,,,2025-03-12T12:02:09Z,1,163524592,nickvet419,18480,"{""emergency"":""fire_hydrant""}"
12661004651,node,41.9639583,-87.7010386,fire_hydrant,,,,,,,,,,,,,,,,,,,,2025-03-13T22:35:55Z,1,163591151,edisondotme,2776076,"{""emergency"":""fire_hydrant""}"
12661046391,node,41.8744451,-87.6286436,fire_hydrant,pillar,,,,,,,,,,,,,,sidewalk,,,,,2025-03-16T05:20:45Z,3,163674828,wrennifer,5007182,"{""emergency"":""fire_hydrant"",""fire_hydrant:position"":""sidewalk"",""fire_hydrant:type"":""pillar""}"
12663147163,node,41.8800898,-87.6354674,fire_hydrant,pillar,,,,,,,,,,,,,,sidewalk,,,,,2025-03-26T14:07:44Z,3,164123880,wrennifer,5007182,"{""emergency"":""fire_hydrant"",""fire_hydrant:position"":""sidewalk"",""fire_hydrant:type"":""pillar""}"
12705086926,node,41.8754141,-87.6291457,fire_hydrant,pillar,,,,,,,,,,,,,,sidewalk,,,,,2025-03-27T15:24:44Z,3,164169154,wrennifer,5007182,"{""emergency"":""fire_hydrant"",""fire_hydrant:position"":""sidewalk"",""fire_hydrant:type"":""pillar""}"
12705109088,node,41.8754403,-87.628805,fire_hydrant,pillar,,,,,,,,,,,,,,sidewalk,,,,,2025-03-27T15:24:43Z,3,164169154,wrennifer,5007182,"{""emergency"":""fire_hydrant"",""fire_hydrant:position"":""sidewalk"",""fire_hydrant:type"":""pillar""}"
12705119739,node,41.8769779,-87.6308675,fire_hydrant,pillar,,,,,,,,,,,,,,sidewalk,,,,,2025-03-27T15:27:05Z,3,164169154,wrennifer,5007182,"{""emergency"":""fire_hydrant"",""fire_hydrant:position"":""sidewalk"",""fire_hydrant:type"":""pillar""}"
12707600887,node,41.8800359,-87.6353934,fire_hydrant,pillar,,,,,,,,,,,,,,sidewalk,,,,,2025-03-31T14:49:22Z,3,164334415,wrennifer,5007182,"{""emergency"":""fire_hydrant"",""fire_hydrant:position"":""sidewalk"",""fire_hydrant:type"":""pillar""}"
12714332822,node,41.8311028,-87.8300975,fire_hydrant,,,,,,,,,,,,,,,,,,,,2025-03-30T18:43:26Z,1,164299933,nickvet419,18480,"{""emergency"":""fire_hydrant""}"
12725821679,node,41.8769963,-87.6291796,fire_hydrant,pillar,,,,,,,,,,,,,,sidewalk,,,,,2025-04-03T13:33:29Z,3,164465666,wrennifer,5007182,"{""emergency"":""fire_hydrant"",""fire_hydrant:position"":""sidewalk"",""fire_hydrant:type"":""pillar""}"
12729329652,node,41.8807073,-87.6351525,fire_hydrant,pillar,,,,,,,,,,,,,,sidewalk,,,,,2025-04-04T16:15:39Z,3,164518101,wrennifer,5007182,"{""emergency"":""fire_hydrant"",""fire_hydrant:position"":""sidewalk"",""fire_hydrant:type"":""pillar""}"
12730018222,node,41.8672178,-87.6283943,fire_hydrant,pillar,,,,,,,,,,,,,,green,,,,,2025-04-05T00:09:35Z,3,164531951,wrennifer,5007182,"{""emergency"":""fire_hydrant"",""fire_hydrant:position"":""green"",""fire_hydrant:type"":""pillar""}"
12730024927,node,41.8699639,-87.6285254,fire_hydrant,pillar,,,,,,,,,,,,,,green,,,,,2025-04-05T00:10:25Z,3,164531951,wrennifer,5007182,"{""emergency"":""fire_hydrant"",""fire_hydrant:position"":""green"",""fire_hydrant:type"":""pillar""}"
12730025772,node,41.8691146,-87.6285075,fire_hydrant,pillar,,,,,,,,,,,,,,green,,,,,2025-04-05T00:10:14Z,3,164531951,wrennifer,5007182,"{""emergency"":""fire_hydrant"",""fire_hydrant:position"":""green"",""fire_hydrant:type"":""pillar""}"
12730031406,node,41.8682668,-87.6284852,fire_hydrant,pillar,,,,,,,,,,,,,,green,,,,,2025-04-05T00:10:02Z,3,164531951,wrennifer,5007182,"{""emergency"":""fire_hydrant"",""fire_hydrant:position"":""green"",""fire_hydrant:type"":""pillar""}"
12730037419,node,41.8678082,-87.6285544,fire_hydrant,pillar,,,,,,,,,,,,,,green,,,,,2025-04-05T00:10:00Z,3,164531951,wrennifer,5007182,"{""emergency"":""fire_hydrant"",""fire_hydrant:position"":""green"",""fire_hydrant:type"":""pillar""}"
12730038679,node,41.8706709,-87.628547,fire_hydrant,pillar,,,,,,,,,,,,,,green,,,,,2025-04-05T00:10:28Z,3,164531951,wrennifer,5007182,"{""emergency"":""fire_hydrant"",""fire_hydrant:position"":""green"",""fire_hydrant:type"":""pillar""}"
12731318198,node,41.876404,-87.6291619,fire_hydrant,pillar,,,,,,,,,,,,,,sidewalk,,,,,2025-04-05T14:02:58Z,3,164552894,wrennifer,5007182,"{""emergency"":""fire_hydrant"",""fire_hydrant:position"":""sidewalk"",""fire_hydrant:type"":""pillar""}"
12824686878,node,41.8379188,-87.6510074,fire_hydrant,pillar,,,,,,,,,,,,,,sidewalk,,,,,2025-05-09T22:41:17Z,3,166048632,OSMWeekly,8610118,"{""emergency"":""fire_hydrant"",""fire_hydrant:position"":""sidewalk"",""fire_hydrant:type"":""pillar""}"
12828772549,node,41.8759584,-87.6316852,fire_hydrant,pillar,,,,,,,,,,,,,,sidewalk,,,,,2025-05-11T16:34:59Z,3,166117195,wrennifer,5007182,"{""emergency"":""fire_hydrant"",""fire_hydrant:position"":""sidewalk"",""fire_hydrant:type"":""pillar""}"
12830891513,node,41.8807459,-87.6321822,fire_hydrant,pillar,,,,,,,,,,,,,,sidewalk,,,,,2025-05-12T16:01:10Z,3,166160066,wrennifer,5007182,"{""emergency"":""fire_hydrant"",""fire_hydrant:position"":""sidewalk"",""fire_hydrant:type"":""pillar""}"
12840445598,node,41.8807429,-87.625947,fire_hydrant,pillar,,,,,,,,,,,,,,sidewalk,,,,,2025-05-15T18:14:29Z,3,166317946,wrennifer,5007182,"{""emergency"":""fire_hydrant"",""fire_hydrant:position"":""sidewalk"",""fire_hydrant:type"":""pillar""}"
12859621750,node,41.9157126,-87.6875617,fire_hydrant,pillar,,,,,,,,,,,,,,sidewalk,,,,,2025-05-23T22:33:14Z,3,166676445,wrennifer,5007182,"{""emergency"":""fire_hydrant"",""fire_hydrant:position"":""sidewalk"",""fire_hydrant:type"":""pillar""}"
12874203145,node,41.8743865,-87.6316433,fire_hydrant,pillar,,,,,,,,,,,,,,sidewalk,,,,,2025-05-29T22:24:51Z,3,166944910,wrennifer,5007182,"{""emergency"":""fire_hydrant"",""fire_hydrant:position"":""sidewalk"",""fire_hydrant:type"":""pillar""}"
12892454347,node,41.9687785,-87.6841961,fire_hydrant,pillar,8”,,red,,,,,,,,,,2025-06-06,sidewalk,,,,main,2025-06-06T19:40:45Z,2,167283444,epicspongee,8636528,"{""colour"":""red"",""couplings"":""2"",""emergency"":""fire_hydrant"",""fire_hydrant:diameter"":""8\u201d"",""fire_hydrant:position"":""sidewalk"",""fire_hydrant:type"":""pillar"",""survey:date"":""2025-06-06"",""water_source"":""main""}"
12892454348,node,41.9695087,-87.6841658,fire_hydrant,pillar,,,,,,,,,,,,,,,,,,,2025-06-06T16:18:44Z,1,167275390,epicspongee,8636528,"{""emergency"":""fire_hydrant"",""fire_hydrant:type"":""pillar"",""fixme"":""resurvey""}"
12892470733,node,41.9688052,-87.6822872,fire_hydrant,pillar,,,,,,,,,,,,,,,,,,,2025-06-06T16:21:15Z,1,167275502,epicspongee,8636528,"{""emergency"":""fire_hydrant"",""fire_hydrant:type"":""pillar"",""fixme"":""resurvey""}"
12892470734,node,41.968797,-87.683016,fire_hydrant,pillar,,,,,,,,,,,,,,,,,,,2025-06-06T16:21:15Z,1,167275502,epicspongee,8636528,"{""emergency"":""fire_hydrant"",""fire_hydrant:type"":""pillar"",""fixme"":""resurvey""}"
12893367572,node,41.8809253,-87.626275,fire_hydrant,pipe,,,,,,,,,,,,,,,,,,,2025-06-06T19:35:17Z,2,167283260,OSMWeekly,8610118,"{""emergency"":""fire_hydrant"",""fire_hydrant:type"":""pipe""}"
12899895819,node,41.9685571,-87.6841308,fire_hydrant,pillar,,,,,,,,,,,,,,,,,,,2025-06-09T18:38:59Z,1,167413445,epicspongee,8636528,"{""emergency"":""fire_hydrant"",""fire_hydrant:type"":""pillar""}"
12899895820,node,41.9678234,-87.6841711,fire_hydrant,pillar,,,,,,,,,,,,,,,,,,,2025-06-09T18:38:59Z,1,167413445,epicspongee,8636528,"{""emergency"":""fire_hydrant"",""fire_hydrant:type"":""pillar""}"
12899895821,node,41.9678157,-87.6852466,fire_hydrant,pillar,,,,,,,,,,,,,,,,,,,2025-06-09T18:38:59Z,1,167413445,epicspongee,8636528,"{""emergency"":""fire_hydrant"",""fire_hydrant:type"":""pillar""}"
12899895824,node,41.9678112,-87.6863223,fire_hydrant,pillar,,,,,,,,,,,,,,,,,,,2025-06-09T18:38:59Z,1,167413445,epicspongee,8636528,"{""emergency"":""fire_hydrant"",""fire_hydrant:type"":""pillar""}"
12899895825,node,41.9677219,-87.687223,fire_hydrant,pillar,,,,,,,,,,,,,,,,,,,2025-06-09T18:38:59Z,1,167413445,epicspongee,8636528,"{""emergency"":""fire_hydrant"",""fire_hydrant:type"":""pillar""}"
12899923058,node,41.9678415,-87.6832383,fire_hydrant,pillar,,,,,,,,,,,,,,,,,,,2025-06-09T18:48:27Z,1,167413783,epicspongee,8636528,"{""emergency"":""fire_hydrant"",""fire_hydrant:type"":""pillar""}"
12899923059,node,41.967892,-87.6799316,fire_hydrant,pillar,,,,,,,,,,,,,,,,,,,2025-06-09T18:48:27Z,1,167413783,epicspongee,8636528,"{""emergency"":""fire_hydrant"",""fire_hydrant:type"":""pillar""}"
12899923060,node,41.9678716,-87.6809736,fire_hydrant,pillar,,,,,,,,,,,,,,,,,,,2025-06-09T18:48:27Z,1,167413783,epicspongee,8636528,"{""emergency"":""fire_hydrant"",""fire_hydrant:type"":""pillar""}"
12899923061,node,41.9678442,-87.6822093,fire_hydrant,pillar,,,,,,,,,,,,,,,,,,,2025-06-09T18:48:27Z,1,167413783,epicspongee,8636528,"{""emergency"":""fire_hydrant"",""fire_hydrant:type"":""pillar""}"
12899923062,node,41.9677704,-87.6806993,fire_hydrant,pillar,,,,,,,,,,,,,,,,,,,2025-06-09T18:48:27Z,1,167413783,epicspongee,8636528,"{""emergency"":""fire_hydrant"",""fire_hydrant:type"":""pillar""}"
12899972104,node,41.9679539,-87.6792617,fire_hydrant,pillar,,,,,,,,,,,,,,,,,,,2025-06-09T18:54:10Z,1,167414026,epicspongee,8636528,"{""emergency"":""fire_hydrant"",""fire_hydrant:type"":""pillar""}"
12899972110,node,41.968848,-87.6793629,fire_hydrant,pillar,,,,,,,,,,,,,,,,,,,2025-06-09T18:54:10Z,1,167414026,epicspongee,8636528,"{""emergency"":""fire_hydrant"",""fire_hydrant:type"":""pillar""}"
